name,language,stars,forks,creation_date,last_commit_date,repo_url
freeCodeCamp,TypeScript,406721,38267,2014-12-24T17:49:19Z,2024-12-07T07:54:45Z,https://github.com/freeCodeCamp/freeCodeCamp
free-programming-books,HTML,341031,61918,2013-10-11T06:50:37Z,2024-12-06T15:02:18Z,https://github.com/EbookFoundation/free-programming-books
awesome,,336406,27983,2014-07-11T13:42:37Z,2024-11-28T19:02:18Z,https://github.com/sindresorhus/awesome
public-apis,Python,319459,33993,2016-03-20T23:49:42Z,2024-10-31T19:50:02Z,https://github.com/public-apis/public-apis
build-your-own-x,Markdown,316390,29352,2018-05-09T12:03:18Z,2024-09-03T14:39:35Z,https://github.com/codecrafters-io/build-your-own-x
coding-interview-university,,307593,77080,2016-06-06T02:34:12Z,2024-12-05T23:47:30Z,https://github.com/jwasham/coding-interview-university
developer-roadmap,TypeScript,300616,39481,2017-03-15T13:45:52Z,2024-12-08T00:29:58Z,https://github.com/kamranahmedse/developer-roadmap
system-design-primer,Python,278522,46632,2017-02-26T16:15:28Z,2024-12-02T01:10:39Z,https://github.com/donnemartin/system-design-primer
996.ICU,,270000,21122,2019-03-26T07:31:14Z,2024-10-03T12:29:12Z,https://github.com/996icu/996.ICU
react,JavaScript,230185,48169,2013-05-24T16:15:54Z,2024-12-06T15:55:53Z,https://github.com/facebook/react
awesome-python,Python,226796,24963,2014-06-27T21:00:06Z,2024-08-11T17:10:18Z,https://github.com/vinta/awesome-python
vue,TypeScript,208111,33684,2013-07-29T03:24:51Z,2024-10-10T07:24:15Z,https://github.com/vuejs/vue
project-based-learning,,206475,26933,2017-04-12T05:07:46Z,2024-08-15T05:33:54Z,https://github.com/practical-tutorials/project-based-learning
awesome-selfhosted,,206053,9805,2015-06-01T02:33:17Z,2024-11-30T13:10:16Z,https://github.com/awesome-selfhosted/awesome-selfhosted
Python,Python,195310,45895,2016-07-16T09:44:01Z,2024-12-05T04:34:48Z,https://github.com/TheAlgorithms/Python
javascript-algorithms,JavaScript,188768,30315,2018-03-24T07:47:04Z,2024-08-19T12:32:07Z,https://github.com/trekhleb/javascript-algorithms
tensorflow,C++,186727,74351,2015-11-07T01:19:20Z,2024-12-08T02:27:02Z,https://github.com/tensorflow/tensorflow
linux,C,183880,54338,2011-09-04T22:48:12Z,2024-12-07T18:52:45Z,https://github.com/torvalds/linux
You-Dont-Know-JS,,180063,33526,2013-11-16T02:37:24Z,2024-09-05T04:11:45Z,https://github.com/getify/You-Dont-Know-JS
CS-Notes,,177775,51134,2018-02-13T14:56:24Z,2024-08-21T09:40:10Z,https://github.com/CyC2018/CS-Notes
ohmyzsh,Shell,174458,25933,2009-08-28T18:15:37Z,2024-11-28T08:57:21Z,https://github.com/ohmyzsh/ohmyzsh
computer-science,,173055,21876,2014-05-04T00:18:39Z,2024-10-26T22:01:33Z,https://github.com/ossu/computer-science
bootstrap,JavaScript,171028,78906,2011-07-29T21:19:00Z,2024-12-07T05:37:49Z,https://github.com/twbs/bootstrap
AutoGPT,Python,168969,44507,2023-03-16T09:21:07Z,2024-12-07T23:27:14Z,https://github.com/Significant-Gravitas/AutoGPT
flutter,Dart,166905,27669,2015-03-06T22:54:58Z,2024-12-07T17:50:38Z,https://github.com/flutter/flutter
vscode,TypeScript,165072,29575,2015-09-03T20:23:38Z,2024-12-07T19:46:06Z,https://github.com/microsoft/vscode
gitignore,,162952,83119,2010-11-08T20:17:14Z,2024-12-06T20:03:00Z,https://github.com/github/gitignore
Python-100-Days,Python,158567,52570,2018-03-01T16:05:52Z,2024-08-15T10:52:27Z,https://github.com/jackfrued/Python-100-Days
the-art-of-command-line,,153965,14579,2015-05-20T15:11:03Z,2024-06-25T18:13:44Z,https://github.com/jlevy/the-art-of-command-line
the-book-of-secret-knowledge,,150691,9620,2018-06-23T10:43:14Z,2024-11-19T14:00:38Z,https://github.com/trimstray/the-book-of-secret-knowledge
JavaGuide,Java,147220,45640,2018-05-07T13:27:00Z,2024-12-03T05:08:56Z,https://github.com/Snailclimb/JavaGuide
javascript,JavaScript,145596,26559,2012-11-01T23:13:50Z,2024-10-05T06:48:52Z,https://github.com/airbnb/javascript
stable-diffusion-webui,Python,144067,27066,2022-08-22T14:05:26Z,2024-11-28T08:39:13Z,https://github.com/AUTOMATIC1111/stable-diffusion-webui
transformers,Python,136006,27239,2018-10-29T13:56:00Z,2024-12-06T16:31:56Z,https://github.com/huggingface/transformers
awesome-go,Go,133996,11956,2014-07-06T13:42:15Z,2024-12-07T16:54:07Z,https://github.com/avelino/awesome-go
youtube-dl,Python,132822,10084,2010-10-31T14:35:07Z,2024-10-15T20:11:28Z,https://github.com/ytdl-org/youtube-dl
next.js,JavaScript,127635,27072,2016-10-05T23:32:51Z,2024-12-08T00:14:56Z,https://github.com/vercel/next.js
fucking-algorithm,Markdown,126081,23237,2020-02-19T09:01:23Z,2024-09-22T09:35:00Z,https://github.com/labuladong/fucking-algorithm
go,Go,124475,17712,2014-08-19T04:33:40Z,2024-12-07T02:32:37Z,https://github.com/golang/go
30-seconds-of-code,JavaScript,122020,12047,2017-11-29T17:35:03Z,2024-12-07T20:57:34Z,https://github.com/Chalarangelo/30-seconds-of-code
tech-interview-handbook,TypeScript,119823,14788,2016-07-05T05:00:48Z,2024-10-08T11:04:00Z,https://github.com/yangshun/tech-interview-handbook
react-native,C++,119634,24377,2015-01-09T18:10:16Z,2024-12-07T17:50:25Z,https://github.com/facebook/react-native
electron,C++,114651,15539,2013-04-12T01:47:36Z,2024-12-06T23:28:57Z,https://github.com/electron/electron
scrcpy,C,113855,10839,2017-11-21T18:00:27Z,2024-12-07T19:14:39Z,https://github.com/Genymobile/scrcpy
awesome-chatgpt-prompts,HTML,113746,15513,2022-12-05T13:54:13Z,2024-11-11T11:38:53Z,https://github.com/f/awesome-chatgpt-prompts
PowerToys,C#,112013,6609,2019-05-01T17:44:02Z,2024-12-07T07:33:19Z,https://github.com/microsoft/PowerToys
free-programming-books-zh_CN,,111924,28246,2013-11-04T01:59:19Z,2024-07-15T08:55:20Z,https://github.com/justjavac/free-programming-books-zh_CN
kubernetes,Go,111559,39792,2014-06-06T22:56:04Z,2024-12-07T12:06:01Z,https://github.com/kubernetes/kubernetes
d3,Shell,109173,22859,2010-09-27T17:22:42Z,2024-10-22T22:03:55Z,https://github.com/d3/d3
node,JavaScript,108237,29892,2014-11-26T19:57:11Z,2024-12-08T00:37:38Z,https://github.com/nodejs/node
Microsoft-Activation-Scripts,Batchfile,106864,10346,2020-01-12T23:03:34Z,2024-11-11T08:58:40Z,https://github.com/massgravel/Microsoft-Activation-Scripts
axios,JavaScript,105936,10971,2014-08-18T22:30:27Z,2024-12-06T09:30:18Z,https://github.com/axios/axios
three.js,JavaScript,103162,35425,2010-03-23T18:58:01Z,2024-12-07T23:10:31Z,https://github.com/mrdoob/three.js
create-react-app,JavaScript,102865,26892,2016-07-17T14:55:11Z,2024-08-27T17:09:10Z,https://github.com/facebook/create-react-app
hello-algo,Java,102353,12832,2022-11-04T11:08:34Z,2024-12-07T22:06:27Z,https://github.com/krahets/hello-algo
TypeScript,TypeScript,101373,12544,2014-06-17T15:28:39Z,2024-12-07T18:28:10Z,https://github.com/microsoft/TypeScript
ollama,Go,101268,8094,2023-06-26T19:39:32Z,2024-12-07T02:35:08Z,https://github.com/ollama/ollama
nodebestpractices,Dockerfile,100831,10215,2017-09-15T08:33:19Z,2024-07-04T03:41:45Z,https://github.com/goldbergyoni/nodebestpractices
rust,Rust,99325,12827,2010-06-16T20:39:03Z,2024-12-08T00:25:23Z,https://github.com/rust-lang/rust
deno,Rust,98345,5416,2018-05-15T01:34:26Z,2024-12-06T23:24:51Z,https://github.com/denoland/deno
angular,TypeScript,96436,25598,2014-09-18T16:12:01Z,2024-12-06T22:38:30Z,https://github.com/angular/angular
terminal,C++,96004,8352,2017-08-11T18:38:22Z,2024-12-07T03:05:30Z,https://github.com/microsoft/terminal
langchain,Jupyter Notebook,95878,15566,2022-10-17T02:58:36Z,2024-12-07T19:33:40Z,https://github.com/langchain-ai/langchain
HelloGitHub,Python,95471,9709,2016-05-04T06:24:11Z,2024-11-28T01:26:31Z,https://github.com/521xueweihan/HelloGitHub
material-ui,TypeScript,94160,32351,2014-08-18T19:11:54Z,2024-12-08T01:45:41Z,https://github.com/mui/material-ui
ant-design,TypeScript,92788,50185,2015-04-24T15:37:24Z,2024-12-08T01:08:21Z,https://github.com/ant-design/ant-design
yt-dlp,Python,92144,7163,2020-10-26T04:22:55Z,2024-12-06T16:13:30Z,https://github.com/yt-dlp/yt-dlp
clean-code-javascript,JavaScript,91898,12327,2016-11-25T22:25:41Z,2024-07-29T07:24:37Z,https://github.com/ryanmcdermott/clean-code-javascript
godot,C++,91685,21291,2014-01-04T16:05:36Z,2024-12-06T15:16:17Z,https://github.com/godotengine/godot
free-for-dev,HTML,91014,9824,2015-03-18T21:06:26Z,2024-12-07T16:04:56Z,https://github.com/ripienaar/free-for-dev
java-design-patterns,Java,90220,26679,2014-08-09T16:45:18Z,2024-12-07T18:34:43Z,https://github.com/iluwatar/java-design-patterns
puppeteer,TypeScript,89039,9095,2017-05-09T22:16:13Z,2024-12-08T03:26:01Z,https://github.com/puppeteer/puppeteer
papers-we-love,Shell,88634,5753,2013-12-15T14:31:41Z,2024-11-08T18:55:54Z,https://github.com/papers-we-love/papers-we-love
vue-element-admin,Vue,88192,30487,2017-04-17T03:35:49Z,2024-10-24T11:25:46Z,https://github.com/PanJiaChen/vue-element-admin
frp,Go,87332,13437,2015-12-21T15:24:59Z,2024-12-02T03:56:52Z,https://github.com/fatedier/frp
excalidraw,TypeScript,87123,8267,2020-01-02T01:04:43Z,2024-12-07T16:51:16Z,https://github.com/excalidraw/excalidraw
iptv,JavaScript,87091,2763,2018-11-14T22:00:57Z,2024-12-08T00:12:28Z,https://github.com/iptv-org/iptv
Awesome-Hacking,,86339,8991,2016-03-30T15:47:10Z,2024-08-22T10:49:33Z,https://github.com/Hack-with-Github/Awesome-Hacking
tauri,Rust,86165,2606,2019-07-13T09:09:37Z,2024-12-05T12:53:28Z,https://github.com/tauri-apps/tauri
thefuck,Python,85738,3437,2015-04-08T15:08:04Z,2024-07-19T14:56:13Z,https://github.com/nvbn/thefuck
every-programmer-should-know,,85486,7900,2017-08-24T13:18:26Z,2024-08-06T12:01:28Z,https://github.com/mtdvio/every-programmer-should-know
storybook,TypeScript,84844,9347,2016-03-18T04:23:44Z,2024-12-07T09:38:59Z,https://github.com/storybookjs/storybook
pytorch,Python,84819,22834,2016-08-13T05:26:41Z,2024-12-08T03:29:17Z,https://github.com/pytorch/pytorch
neovim,Vim Script,83926,5727,2014-01-31T13:39:22Z,2024-12-08T01:25:44Z,https://github.com/neovim/neovim
tailwindcss,TypeScript,83764,4239,2017-10-06T14:59:14Z,2024-12-06T19:33:13Z,https://github.com/tailwindlabs/tailwindcss
Web-Dev-For-Beginners,JavaScript,83739,12407,2020-11-10T02:44:00Z,2024-11-11T20:05:38Z,https://github.com/microsoft/Web-Dev-For-Beginners
django,Python,81360,31912,2012-04-28T02:47:18Z,2024-12-06T11:53:54Z,https://github.com/django/django
app-ideas,,81158,9611,2019-02-25T18:36:56Z,2024-08-16T09:41:10Z,https://github.com/florinpop17/app-ideas
animate.css,CSS,80996,16230,2011-10-12T10:07:38Z,2024-07-29T19:34:21Z,https://github.com/animate-css/animate.css
nvm,Shell,80829,8052,2010-04-15T17:47:47Z,2024-11-23T20:12:30Z,https://github.com/nvm-sh/nvm
realworld,TypeScript,80759,7364,2016-02-26T20:49:53Z,2024-12-02T17:20:18Z,https://github.com/gothinkster/realworld
svelte,JavaScript,80381,4285,2016-11-20T18:13:05Z,2024-12-07T22:35:48Z,https://github.com/sveltejs/svelte
bitcoin,C++,80193,36512,2010-12-19T15:16:43Z,2024-12-06T11:38:53Z,https://github.com/bitcoin/bitcoin
opencv,C++,79503,55865,2012-07-19T09:40:17Z,2024-12-07T07:30:03Z,https://github.com/opencv/opencv
gin,Go,79335,8037,2014-06-16T23:57:25Z,2024-11-15T15:54:06Z,https://github.com/gin-gonic/gin
laravel,PHP,79007,24103,2011-06-08T03:06:08Z,2024-12-02T22:11:45Z,https://github.com/laravel/laravel
fastapi,Python,78407,6709,2018-12-08T08:21:47Z,2024-12-04T15:10:30Z,https://github.com/fastapi/fastapi
mall,Java,78355,28888,2018-04-04T01:11:44Z,2024-11-26T08:23:02Z,https://github.com/macrozheng/mall
awesome-mac,JavaScript,77713,6285,2016-07-17T15:33:47Z,2024-12-07T15:06:16Z,https://github.com/jaywcjlove/awesome-mac
FiraCode,Clojure,77514,3108,2014-11-11T19:32:38Z,2024-11-04T13:19:41Z,https://github.com/tonsky/FiraCode
ChatGPT-Next-Web,TypeScript,77360,59491,2023-03-10T18:27:54Z,2024-12-03T03:27:50Z,https://github.com/ChatGPTNextWeb/ChatGPT-Next-Web
models,Python,77251,45750,2016-02-05T01:15:20Z,2024-12-03T15:29:22Z,https://github.com/tensorflow/models
rustdesk,Rust,77224,10499,2020-09-28T15:36:08Z,2024-12-07T14:34:54Z,https://github.com/rustdesk/rustdesk
advanced-java,Java,76553,19102,2018-10-06T11:38:30Z,2024-11-30T00:27:46Z,https://github.com/doocs/advanced-java
hugo,Go,76318,7555,2013-07-04T15:26:26Z,2024-12-06T13:37:52Z,https://github.com/gohugoio/hugo
ui,TypeScript,76164,4789,2023-01-04T12:43:27Z,2024-11-13T12:02:51Z,https://github.com/shadcn-ui/ui
LeetCodeAnimation,Java,75559,13986,2018-12-06T08:01:22Z,2023-08-14T12:14:01Z,https://github.com/MisterBooo/LeetCodeAnimation
spring-boot,Java,75496,40756,2012-10-19T15:02:57Z,2024-12-07T03:13:57Z,https://github.com/spring-projects/spring-boot
supabase,TypeScript,74745,7268,2019-10-12T05:56:49Z,2024-12-07T16:25:47Z,https://github.com/supabase/supabase
bun,Zig,74586,2786,2021-04-14T00:48:17Z,2024-12-08T03:35:58Z,https://github.com/oven-sh/bun
Font-Awesome,JavaScript,74387,12211,2012-02-17T14:19:43Z,2024-11-22T18:04:16Z,https://github.com/FortAwesome/Font-Awesome
core,Python,74278,31210,2013-09-17T07:29:48Z,2024-12-07T21:31:11Z,https://github.com/home-assistant/core
json-server,JavaScript,73197,7042,2013-11-27T13:21:13Z,2024-09-24T10:33:10Z,https://github.com/typicode/json-server
mermaid,TypeScript,72926,6670,2014-11-01T23:52:32Z,2024-12-06T20:58:33Z,https://github.com/mermaid-js/mermaid
netdata,C,72432,5953,2013-06-17T18:39:10Z,2024-12-08T00:22:50Z,https://github.com/netdata/netdata
whisper,Python,72418,8629,2022-09-16T20:02:54Z,2024-12-01T05:47:01Z,https://github.com/openai/whisper
awesome-vue,,72316,9480,2015-10-20T00:16:14Z,2024-12-05T20:50:37Z,https://github.com/vuejs/awesome-vue
awesome-interview-questions,,71830,8904,2015-11-28T09:48:17Z,2024-07-29T14:21:23Z,https://github.com/DopplerHQ/awesome-interview-questions
manim,Python,71739,6292,2015-03-22T18:50:58Z,2024-12-07T15:15:00Z,https://github.com/3b1b/manim
v2rayN,C#,71163,11696,2019-07-30T03:47:24Z,2024-12-07T13:26:19Z,https://github.com/2dust/v2rayN
gpt4all,C++,71042,7725,2023-03-27T18:49:32Z,2024-12-07T00:29:55Z,https://github.com/nomic-ai/gpt4all
elasticsearch,Java,70960,24907,2010-02-08T13:20:56Z,2024-12-07T21:55:28Z,https://github.com/elastic/elasticsearch
github-readme-stats,JavaScript,70089,23287,2020-07-09T10:34:22Z,2024-12-07T17:57:58Z,https://github.com/anuraghazra/github-readme-stats
ML-For-Beginners,HTML,70052,14617,2021-03-03T01:34:05Z,2024-11-24T08:38:44Z,https://github.com/microsoft/ML-For-Beginners
awesome-for-beginners,,69724,7024,2015-10-24T19:53:36Z,2024-12-03T23:26:19Z,https://github.com/MunGell/awesome-for-beginners
funNLP,Python,69674,14561,2018-08-21T11:20:39Z,2024-05-10T07:38:24Z,https://github.com/fighting41love/funNLP
vite,TypeScript,69176,6259,2020-04-21T05:03:57Z,2024-12-07T04:29:18Z,https://github.com/vitejs/vite
Front-End-Checklist,,69145,6456,2017-10-16T10:12:36Z,2024-10-20T21:43:27Z,https://github.com/thedaviddias/Front-End-Checklist
llama.cpp,C++,68913,9895,2023-03-10T18:58:00Z,2024-12-07T21:12:27Z,https://github.com/ggerganov/llama.cpp
moby,Go,68876,18676,2013-01-18T18:10:57Z,2024-12-07T22:38:31Z,https://github.com/moby/moby
code-server,TypeScript,68869,5659,2019-02-27T16:50:41Z,2024-12-01T12:55:52Z,https://github.com/coder/code-server
stable-diffusion,Jupyter Notebook,68663,10194,2022-08-10T14:36:44Z,2024-06-18T01:53:49Z,https://github.com/CompVis/stable-diffusion
node,Shell,68393,2591,2023-02-01T13:55:02Z,2024-11-28T19:12:12Z,https://github.com/base-org/node
nest,TypeScript,68274,7672,2017-02-04T20:12:52Z,2024-12-06T14:59:31Z,https://github.com/nestjs/nest
flask,Python,68265,16254,2010-04-06T11:11:59Z,2024-11-24T01:54:35Z,https://github.com/pallets/flask
reveal.js,JavaScript,68027,16662,2011-06-07T18:54:22Z,2024-11-28T13:53:29Z,https://github.com/hakimel/reveal.js
HowToCook,Dockerfile,67942,8764,2020-02-29T10:43:49Z,2024-12-04T06:34:59Z,https://github.com/Anduin2017/HowToCook
swift,C++,67710,10389,2015-10-23T21:15:07Z,2024-12-07T23:54:16Z,https://github.com/swiftlang/swift
playwright,TypeScript,67566,3722,2019-11-15T18:32:42Z,2024-12-07T00:43:27Z,https://github.com/microsoft/playwright
cs-video-courses,,67482,9150,2016-10-21T17:02:11Z,2024-09-13T17:54:44Z,https://github.com/Developer-Y/cs-video-courses
redis,C,67280,23824,2009-03-21T22:32:25Z,2024-12-05T09:14:53Z,https://github.com/redis/redis
devops-exercises,Python,66923,14946,2019-10-03T17:31:21Z,2024-08-31T08:15:03Z,https://github.com/bregman-arie/devops-exercises
awesome-machine-learning,Python,66259,14676,2014-07-15T19:11:19Z,2024-11-11T16:08:31Z,https://github.com/josephmisiti/awesome-machine-learning
gpt_academic,Python,66219,8128,2023-03-20T09:05:13Z,2024-12-07T15:43:52Z,https://github.com/binary-husky/gpt_academic
fzf,Go,66059,2408,2013-10-23T16:04:23Z,2024-12-08T00:02:16Z,https://github.com/junegunn/fzf
syncthing,Go,66039,4332,2013-11-26T09:48:21Z,2024-12-06T01:29:48Z,https://github.com/syncthing/syncthing
hoppscotch,TypeScript,65962,4582,2019-08-21T13:15:24Z,2024-12-06T09:30:58Z,https://github.com/hoppscotch/hoppscotch
protobuf,C++,65955,15532,2014-08-26T15:52:15Z,2024-12-07T21:03:14Z,https://github.com/protocolbuffers/protobuf
awesome-react,,65860,7235,2014-08-06T05:31:44Z,2024-12-06T20:56:37Z,https://github.com/enaqx/awesome-react
express,JavaScript,65830,17579,2009-06-26T18:56:01Z,2024-12-05T22:30:23Z,https://github.com/expressjs/express
generative-ai-for-beginners,Jupyter Notebook,65576,33601,2023-06-19T16:28:59Z,2024-12-03T13:48:52Z,https://github.com/microsoft/generative-ai-for-beginners
grafana,TypeScript,65409,12205,2013-12-11T15:59:56Z,2024-12-08T03:22:14Z,https://github.com/grafana/grafana
screenshot-to-code,Python,65003,7922,2023-11-14T17:53:32Z,2024-12-06T21:18:56Z,https://github.com/abi/screenshot-to-code
Chart.js,JavaScript,64942,11933,2013-03-17T23:56:36Z,2024-12-01T16:45:10Z,https://github.com/chartjs/Chart.js
webpack,JavaScript,64870,8871,2012-03-10T10:08:14Z,2024-12-06T04:02:57Z,https://github.com/webpack/webpack
system-design-101,,64865,6853,2023-09-18T20:52:03Z,2024-08-16T06:44:51Z,https://github.com/ByteByteGoHq/system-design-101
d2l-zh,Python,64216,11091,2017-08-23T04:40:24Z,2024-07-30T09:32:19Z,https://github.com/d2l-ai/d2l-zh
strapi,TypeScript,64108,8165,2015-09-30T15:34:48Z,2024-12-06T20:08:18Z,https://github.com/strapi/strapi
33-js-concepts,JavaScript,64001,8953,2018-09-04T13:27:04Z,2024-10-07T15:31:44Z,https://github.com/leonardomso/33-js-concepts
cpython,Python,63960,30608,2017-02-10T19:23:51Z,2024-12-07T17:58:42Z,https://github.com/python/cpython
Best-websites-a-programmer-should-visit,,63831,7901,2017-03-05T20:25:17Z,2024-12-06T06:38:13Z,https://github.com/sdmg15/Best-websites-a-programmer-should-visit
interviews,Java,63702,12906,2017-02-14T18:19:25Z,2024-05-13T08:48:36Z,https://github.com/kdn251/interviews
Ventoy,C,63352,4109,2020-03-10T15:19:19Z,2024-11-16T09:02:51Z,https://github.com/ventoy/Ventoy
ansible,Python,63323,23931,2012-03-06T14:58:02Z,2024-12-06T16:15:18Z,https://github.com/ansible/ansible
superset,TypeScript,63216,14010,2015-07-21T18:55:34Z,2024-12-07T20:58:23Z,https://github.com/apache/superset
javascript-questions,,63050,8954,2019-06-12T08:26:27Z,2024-08-04T16:08:40Z,https://github.com/lydiahallie/javascript-questions
tesseract,C++,62961,9556,2014-08-12T18:04:59Z,2024-12-06T06:59:35Z,https://github.com/tesseract-ocr/tesseract
gpt4free,Python,62597,13422,2023-03-29T17:00:43Z,2024-12-08T03:34:19Z,https://github.com/xtekky/gpt4free
sway,Rust,62583,5371,2021-01-19T20:54:33Z,2024-12-07T23:33:52Z,https://github.com/FuelLabs/sway
the-algorithm,Scala,62541,12158,2023-03-27T14:57:57Z,2024-07-10T07:07:01Z,https://github.com/twitter/the-algorithm
keras,Python,62177,19492,2015-03-28T00:35:42Z,2024-12-06T16:31:27Z,https://github.com/keras-team/keras
resume.github.com,JavaScript,62030,1357,2011-02-06T13:39:55Z,2023-02-15T06:38:51Z,https://github.com/resume/resume.github.com
PayloadsAllTheThings,Python,61799,14749,2016-10-18T07:29:07Z,2024-12-04T11:10:42Z,https://github.com/swisskyrepo/PayloadsAllTheThings
imgui,C++,61611,10368,2014-07-21T14:29:47Z,2024-12-05T15:14:51Z,https://github.com/ocornut/imgui
socket.io,TypeScript,61321,10127,2010-03-11T18:24:48Z,2024-11-21T07:58:08Z,https://github.com/socketio/socket.io
awesome-public-datasets,,61304,9957,2014-11-20T06:20:50Z,2024-11-13T17:04:23Z,https://github.com/awesomedata/awesome-public-datasets
nocode,Dockerfile,61041,4717,2018-02-06T23:54:00Z,2024-08-07T03:19:12Z,https://github.com/kelseyhightower/nocode
redux,TypeScript,60947,15263,2015-05-29T23:53:15Z,2024-11-26T23:14:59Z,https://github.com/reduxjs/redux
uptime-kuma,JavaScript,60933,5443,2021-07-03T01:02:42Z,2024-12-03T19:34:05Z,https://github.com/louislam/uptime-kuma
sherlock,Python,60873,7001,2018-12-24T14:30:48Z,2024-11-13T21:56:34Z,https://github.com/sherlock-project/sherlock
echarts,TypeScript,60851,19629,2013-04-03T03:18:59Z,2024-12-06T14:05:50Z,https://github.com/apache/echarts
obs-studio,C,60758,8030,2013-10-01T02:40:31Z,2024-12-06T23:45:21Z,https://github.com/obsproject/obs-studio
openai-cookbook,MDX,60511,9627,2022-03-11T02:08:53Z,2024-12-06T06:03:23Z,https://github.com/openai/openai-cookbook
awesome-cpp,,60460,7851,2014-07-17T08:51:11Z,2024-12-04T02:39:37Z,https://github.com/fffaraz/awesome-cpp
scikit-learn,Python,60379,25448,2010-08-17T09:43:38Z,2024-12-07T15:20:04Z,https://github.com/scikit-learn/scikit-learn
atom,JavaScript,60273,17401,2012-01-20T18:18:21Z,2023-01-03T10:49:48Z,https://github.com/atom/atom
Java,Java,60241,19489,2016-07-16T10:21:02Z,2024-12-03T23:40:06Z,https://github.com/TheAlgorithms/Java
lodash,JavaScript,59942,8098,2012-04-07T04:11:46Z,2024-10-06T17:19:52Z,https://github.com/lodash/lodash
tabby,TypeScript,59935,3412,2016-12-23T09:06:10Z,2024-11-07T15:58:06Z,https://github.com/Eugeny/tabby
architect-awesome,,59882,17835,2018-04-06T13:30:58Z,2024-04-11T11:32:12Z,https://github.com/xingshaocheng/architect-awesome
Apollo-11,Assembly,59815,7069,2014-04-03T15:45:02Z,2024-07-11T18:37:04Z,https://github.com/chrislgarry/Apollo-11
Front-end-Developer-Interview-Questions,Nunjucks,59744,11062,2012-02-09T23:34:10Z,2024-11-01T03:04:22Z,https://github.com/h5bp/Front-end-Developer-Interview-Questions
markdown-here,JavaScript,59683,11257,2012-05-13T03:27:22Z,2024-11-25T02:13:45Z,https://github.com/adam-p/markdown-here
awesome-scalability,,59350,6080,2017-12-27T03:46:40Z,2024-12-07T12:47:42Z,https://github.com/binhnguyennus/awesome-scalability
ComfyUI,Python,59334,6301,2023-01-17T03:15:56Z,2024-12-07T19:51:53Z,https://github.com/comfyanonymous/ComfyUI
jquery,JavaScript,59276,20582,2009-04-03T15:20:14Z,2024-12-02T23:03:45Z,https://github.com/jquery/jquery
design-resources-for-developers,,59175,11557,2020-05-06T14:40:35Z,2024-12-05T12:04:41Z,https://github.com/bradtraversy/design-resources-for-developers
SecLists,PHP,59077,23973,2012-02-19T01:30:18Z,2024-12-07T19:03:26Z,https://github.com/danielmiessler/SecLists
caddy,Go,58851,4062,2015-01-13T19:45:03Z,2024-12-07T11:30:20Z,https://github.com/caddyserver/caddy
awesome-nodejs,,58808,5848,2014-07-11T13:35:34Z,2024-11-21T09:26:14Z,https://github.com/sindresorhus/awesome-nodejs
angular.js,JavaScript,58790,27476,2010-01-06T00:34:37Z,2024-04-12T17:43:16Z,https://github.com/angular/angular.js
AppFlowy,Dart,58551,3873,2021-06-16T12:56:48Z,2024-12-07T04:49:43Z,https://github.com/AppFlowy-IO/AppFlowy
cs-self-learning,HTML,58541,6923,2021-10-20T13:43:42Z,2024-12-05T04:55:12Z,https://github.com/PKUFlyingPig/cs-self-learning
shadowsocks-windows,C#,58506,16396,2013-01-14T07:54:16Z,2024-08-20T09:02:57Z,https://github.com/shadowsocks/shadowsocks-windows
fuel-core,Rust,57959,2787,2020-08-27T21:12:14Z,2024-12-08T00:22:11Z,https://github.com/FuelLabs/fuel-core
awesome-courses,,57863,8168,2014-11-15T18:36:49Z,2023-05-04T12:49:34Z,https://github.com/prakhar1989/awesome-courses
open-interpreter,Python,57304,4921,2023-07-14T07:10:44Z,2024-12-06T00:58:36Z,https://github.com/OpenInterpreter/open-interpreter
docusaurus,TypeScript,57061,8596,2017-06-20T16:13:53Z,2024-12-06T18:00:17Z,https://github.com/facebook/docusaurus
annotated_deep_learning_paper_implementations,Python,56957,5836,2020-08-25T02:29:34Z,2024-08-24T09:18:59Z,https://github.com/labmlai/annotated_deep_learning_paper_implementations
spring-framework,Java,56850,38198,2010-12-08T04:04:45Z,2024-12-07T15:57:16Z,https://github.com/spring-projects/spring-framework
alacritty,Rust,56774,3035,2016-02-18T05:02:30Z,2024-11-28T15:41:23Z,https://github.com/alacritty/alacritty
localstack,Python,56695,4036,2016-10-25T23:48:03Z,2024-12-07T15:30:46Z,https://github.com/localstack/localstack
llama,Python,56694,9602,2023-02-14T09:29:12Z,2024-08-18T07:07:28Z,https://github.com/meta-llama/llama
html5-boilerplate,JavaScript,56619,12270,2010-01-24T18:03:24Z,2024-12-01T07:59:20Z,https://github.com/h5bp/html5-boilerplate
rails,Ruby,56187,21711,2008-04-11T02:19:47Z,2024-12-07T15:46:15Z,https://github.com/rails/rails
prometheus,Go,56167,9212,2012-11-24T11:14:12Z,2024-12-06T22:55:21Z,https://github.com/prometheus/prometheus
new-pac,,56107,9508,2016-03-23T08:43:36Z,2024-12-07T01:04:06Z,https://github.com/Alvin9999/new-pac
act,Go,55985,1406,2019-01-02T19:53:43Z,2024-12-06T19:23:21Z,https://github.com/nektos/act
gatsby,JavaScript,55304,10309,2015-05-21T22:43:05Z,2024-12-06T00:13:02Z,https://github.com/gatsbyjs/gatsby
nerd-fonts,CSS,55246,3650,2014-12-05T04:31:17Z,2024-11-26T18:30:28Z,https://github.com/ryanoasis/nerd-fonts
nuxt,TypeScript,55216,5054,2016-10-26T11:18:47Z,2024-12-07T22:15:41Z,https://github.com/nuxt/nuxt
DeepLearning-500-questions,JavaScript,54997,15902,2018-06-27T06:36:45Z,2024-06-26T12:10:14Z,https://github.com/scutan90/DeepLearning-500-questions
leetcode,JavaScript,54824,9476,2018-03-30T09:13:51Z,2024-11-24T15:34:32Z,https://github.com/azl397985856/leetcode
rustlings,Rust,54819,10215,2015-09-15T02:25:18Z,2024-11-14T13:49:57Z,https://github.com/rust-lang/rustlings
private-gpt,Python,54370,7303,2023-05-02T09:15:31Z,2024-11-13T19:30:32Z,https://github.com/zylon-ai/private-gpt
element,Vue,54147,14640,2016-09-03T06:19:26Z,2024-08-20T07:40:13Z,https://github.com/ElemeFE/element
localsend,Dart,54099,2918,2022-12-16T00:46:07Z,2024-12-06T16:00:35Z,https://github.com/localsend/localsend
you-get,Python,54082,9662,2012-08-20T15:53:36Z,2024-10-28T16:46:45Z,https://github.com/soimort/you-get
dify,TypeScript,54037,7932,2023-04-12T07:40:24Z,2024-12-08T00:44:49Z,https://github.com/langgenius/dify
lazygit,Go,53978,1880,2018-05-19T00:53:06Z,2024-12-04T08:46:29Z,https://github.com/jesseduffield/lazygit
awesome-flutter,Dart,53956,6672,2017-05-07T11:45:27Z,2024-10-23T23:26:55Z,https://github.com/Solido/awesome-flutter
immich,TypeScript,53666,2840,2022-02-03T15:56:27Z,2024-12-08T01:02:36Z,https://github.com/immich-app/immich
face_recognition,Python,53647,13515,2017-03-03T21:52:39Z,2024-08-21T06:22:36Z,https://github.com/ageitgey/face_recognition
scrapy,Python,53421,10597,2010-02-22T02:01:14Z,2024-11-25T15:13:36Z,https://github.com/scrapy/scrapy
react-router,TypeScript,53395,10349,2014-05-16T22:22:51Z,2024-12-07T07:06:01Z,https://github.com/remix-run/react-router
awesome-chatgpt-prompts-zh,,53145,13547,2022-12-12T01:55:03Z,2024-07-30T11:43:23Z,https://github.com/PlexPt/awesome-chatgpt-prompts-zh
ChatGPT,Rust,53140,5991,2022-12-07T09:43:02Z,2024-08-29T17:58:11Z,https://github.com/lencx/ChatGPT
Real-Time-Voice-Cloning,Python,52911,8814,2019-05-26T08:56:15Z,2024-08-14T19:54:03Z,https://github.com/CorentinJ/Real-Time-Voice-Cloning
git,C,52807,25690,2008-07-23T14:21:26Z,2024-12-08T03:31:28Z,https://github.com/git/git
faceswap,Python,52648,13251,2017-12-19T09:44:13Z,2024-11-19T23:13:32Z,https://github.com/deepfakes/faceswap
normalize.css,CSS,52610,10648,2011-05-04T10:20:25Z,2024-06-12T20:36:06Z,https://github.com/necolas/normalize.css
gpt-engineer,Python,52589,6843,2023-04-29T12:52:15Z,2024-11-17T22:47:32Z,https://github.com/gpt-engineer-org/gpt-engineer
leetcode-master,Shell,52472,11612,2019-12-14T12:05:42Z,2024-12-07T01:53:04Z,https://github.com/youngyangyang04/leetcode-master
ghidra,Java,52330,5924,2019-03-01T03:27:48Z,2024-12-06T12:39:02Z,https://github.com/NationalSecurityAgency/ghidra
requests,Python,52270,9343,2011-02-13T18:38:17Z,2024-11-10T16:18:37Z,https://github.com/psf/requests
traefik,Go,51727,5126,2015-09-13T19:04:02Z,2024-12-06T15:56:06Z,https://github.com/traefik/traefik
tldr,Markdown,51604,4244,2013-12-08T07:34:43Z,2024-12-07T23:31:26Z,https://github.com/tldr-pages/tldr
yolov5,Python,51317,16460,2020-05-18T03:45:11Z,2024-12-07T22:05:19Z,https://github.com/ultralytics/yolov5
drawio-desktop,JavaScript,51207,5052,2017-05-25T20:58:42Z,2024-12-03T12:03:51Z,https://github.com/jgraph/drawio-desktop
zed,Rust,51174,3181,2021-02-20T03:01:06Z,2024-12-08T01:03:15Z,https://github.com/zed-industries/zed
ionic-framework,TypeScript,51156,13501,2013-08-20T23:06:02Z,2024-12-06T22:15:50Z,https://github.com/ionic-team/ionic-framework
Semantic-UI,JavaScript,51120,4943,2013-04-08T23:32:04Z,2024-11-27T21:01:48Z,https://github.com/Semantic-Org/Semantic-UI
mkcert,Go,51095,2679,2018-06-25T05:33:03Z,2024-08-13T13:37:46Z,https://github.com/FiloSottile/mkcert
awesome-android-ui,,50930,10228,2014-12-24T01:45:03Z,2024-07-06T09:06:23Z,https://github.com/wasabeef/awesome-android-ui
hackingtool,Python,50907,5469,2020-04-11T09:21:31Z,2024-07-31T13:30:04Z,https://github.com/Z4nzu/hackingtool
Prompt-Engineering-Guide,MDX,50867,4935,2022-12-16T16:04:50Z,2024-11-20T19:24:28Z,https://github.com/dair-ai/Prompt-Engineering-Guide
n8n,TypeScript,50856,8364,2019-06-22T09:24:21Z,2024-12-06T21:02:42Z,https://github.com/n8n-io/n8n
material-design-icons,,50796,9590,2014-10-08T18:01:28Z,2024-12-06T02:44:38Z,https://github.com/google/material-design-icons
anime,JavaScript,50490,3683,2016-03-13T21:37:45Z,2024-11-10T08:45:21Z,https://github.com/juliangarnier/anime
guava,Java,50302,10920,2014-05-29T16:23:17Z,2024-12-06T22:53:38Z,https://github.com/google/guava
open-webui,Svelte,50218,6168,2023-10-06T22:08:27Z,2024-12-07T22:32:57Z,https://github.com/open-webui/open-webui
nocodb,TypeScript,50136,3449,2017-10-29T18:51:48Z,2024-12-07T22:42:17Z,https://github.com/nocodb/nocodb
openpilot,Python,50101,9155,2016-11-24T01:33:30Z,2024-12-08T03:35:52Z,https://github.com/commaai/openpilot
bat,Rust,50015,1257,2018-04-21T10:52:23Z,2024-12-07T10:08:42Z,https://github.com/sharkdp/bat
project-layout,Makefile,49848,5174,2017-09-09T16:33:26Z,2024-11-06T22:49:45Z,https://github.com/golang-standards/project-layout
rich,Python,49832,1740,2019-11-10T15:28:09Z,2024-12-02T16:01:57Z,https://github.com/Textualize/rich
grok-1,Python,49668,8331,2024-03-17T08:53:38Z,2024-08-30T04:17:25Z,https://github.com/xai-org/grok-1
prettier,JavaScript,49590,4389,2016-11-29T17:13:37Z,2024-12-06T10:39:57Z,https://github.com/prettier/prettier
kotlin,Kotlin,49540,5795,2012-02-13T17:29:58Z,2024-12-08T01:09:23Z,https://github.com/JetBrains/kotlin
bulma,CSS,49428,3953,2016-01-23T23:48:34Z,2024-12-05T15:18:47Z,https://github.com/jgthms/bulma
pi-hole,Shell,49412,2707,2014-06-08T15:02:55Z,2024-12-07T12:37:35Z,https://github.com/pi-hole/pi-hole
jekyll,Ruby,49315,9992,2008-10-20T06:29:03Z,2024-11-20T15:06:53Z,https://github.com/jekyll/jekyll
weekly,,49291,2936,2018-10-13T12:36:07Z,2024-12-06T00:22:50Z,https://github.com/ruanyf/weekly
Magisk,C++,49231,12669,2016-09-08T12:42:53Z,2024-12-07T02:59:07Z,https://github.com/topjohnwu/Magisk
ripgrep,Rust,49112,2014,2016-03-11T02:02:33Z,2024-09-30T11:38:42Z,https://github.com/BurntSushi/ripgrep
Docker-OSX,Shell,48903,2734,2020-06-04T11:01:37Z,2024-11-18T15:00:58Z,https://github.com/sickcodes/Docker-OSX
pdf.js,JavaScript,48889,10047,2011-04-26T06:32:03Z,2024-12-07T13:54:57Z,https://github.com/mozilla/pdf.js
DefinitelyTyped,TypeScript,48821,30205,2012-10-05T16:39:45Z,2024-12-07T02:33:16Z,https://github.com/DefinitelyTyped/DefinitelyTyped
minio,Go,48703,5555,2015-01-14T19:23:58Z,2024-12-04T11:51:26Z,https://github.com/minio/minio
github-cheat-sheet,,48636,5277,2014-04-12T16:38:42Z,2024-04-15T20:15:56Z,https://github.com/tiimgreen/github-cheat-sheet
zustand,TypeScript,48475,1509,2019-04-09T09:10:06Z,2024-12-06T05:53:23Z,https://github.com/pmndrs/zustand
chinese-poetry,JavaScript,48346,9705,2016-09-02T03:32:25Z,2024-08-10T13:47:12Z,https://github.com/chinese-poetry/chinese-poetry
lobe-chat,TypeScript,48342,10479,2023-05-21T07:19:12Z,2024-12-08T00:34:25Z,https://github.com/lobehub/lobe-chat
dive,Go,48189,1809,2018-05-13T15:44:01Z,2024-07-15T05:05:37Z,https://github.com/wagoodman/dive
moment,JavaScript,48016,8122,2011-03-01T02:46:06Z,2024-08-14T17:12:19Z,https://github.com/moment/moment
etcd,Go,48010,9792,2013-07-06T21:57:21Z,2024-12-07T16:51:59Z,https://github.com/etcd-io/etcd
segment-anything,Jupyter Notebook,48009,5672,2023-03-23T17:03:03Z,2024-09-18T17:46:55Z,https://github.com/facebookresearch/segment-anything
core,TypeScript,47967,8367,2018-06-12T13:49:36Z,2024-12-05T01:23:30Z,https://github.com/vuejs/core
RxJava,Java,47936,7603,2013-01-08T20:11:48Z,2024-12-06T07:41:39Z,https://github.com/ReactiveX/RxJava
uBlock,JavaScript,47862,3175,2015-04-01T17:51:11Z,2024-12-07T02:10:00Z,https://github.com/gorhill/uBlock
meilisearch,Rust,47831,1868,2018-04-23T11:45:28Z,2024-12-07T14:15:47Z,https://github.com/meilisearch/meilisearch
marktext,JavaScript,47824,3538,2017-11-12T16:05:25Z,2024-08-18T21:21:46Z,https://github.com/marktext/marktext
go-ethereum,Go,47824,20259,2013-12-26T13:05:46Z,2024-12-06T11:14:05Z,https://github.com/ethereum/go-ethereum
Ghost,JavaScript,47691,10414,2013-05-04T11:09:13Z,2024-12-06T23:01:10Z,https://github.com/TryGhost/Ghost
trackerslist,,47661,6606,2016-04-24T11:57:57Z,2024-12-07T23:07:02Z,https://github.com/ngosang/trackerslist
hacker-scripts,JavaScript,47586,6649,2015-11-21T19:05:09Z,2023-10-23T21:01:40Z,https://github.com/NARKOZ/hacker-scripts
awesome-ios,Swift,47554,6835,2014-07-10T16:03:45Z,2024-11-18T19:59:50Z,https://github.com/vsouza/awesome-ios
rclone,Go,47552,4245,2014-03-16T16:19:57Z,2024-12-07T17:34:03Z,https://github.com/rclone/rclone
cypress,JavaScript,47546,3205,2015-03-04T00:46:28Z,2024-12-07T00:05:33Z,https://github.com/cypress-io/cypress
astro,TypeScript,47449,2515,2021-03-15T17:19:47Z,2024-12-06T22:07:34Z,https://github.com/withastro/astro
awesome-rust,Rust,47413,2785,2014-07-17T10:45:10Z,2024-12-06T19:54:22Z,https://github.com/rust-unofficial/awesome-rust
mastodon,Ruby,47300,7018,2016-02-22T15:01:25Z,2024-12-07T10:00:11Z,https://github.com/mastodon/mastodon
Stirling-PDF,Java,47154,3857,2023-01-27T18:22:42Z,2024-12-07T14:19:50Z,https://github.com/Stirling-Tools/Stirling-PDF
dayjs,JavaScript,47117,2306,2018-04-10T09:26:44Z,2024-11-20T10:56:33Z,https://github.com/iamkun/dayjs
powerlevel10k,Shell,46869,2204,2019-02-24T19:09:45Z,2024-11-15T06:10:55Z,https://github.com/romkatv/powerlevel10k
algorithm-visualizer,JavaScript,46836,7307,2016-05-15T00:27:45Z,2024-06-09T06:54:22Z,https://github.com/algorithm-visualizer/algorithm-visualizer
professional-programming,Python,46820,3733,2015-11-07T05:07:52Z,2024-11-30T16:12:43Z,https://github.com/charlax/professional-programming
hiring-without-whiteboards,JavaScript,46686,3642,2017-03-15T05:09:01Z,2024-10-25T20:17:19Z,https://github.com/poteto/hiring-without-whiteboards
FFmpeg,C,46544,12222,2011-04-14T14:12:38Z,2024-12-07T23:50:04Z,https://github.com/FFmpeg/FFmpeg
serverless,JavaScript,46511,5723,2015-04-21T03:48:40Z,2024-12-06T23:37:20Z,https://github.com/serverless/serverless
joplin,TypeScript,46436,5046,2017-01-16T21:49:41Z,2024-12-08T00:57:58Z,https://github.com/laurent22/joplin
awesome-wechat-weapp,,46241,8684,2016-09-22T20:04:48Z,2024-01-29T07:08:53Z,https://github.com/justjavac/awesome-wechat-weapp
big-list-of-naughty-strings,Python,46222,2133,2015-08-08T20:57:20Z,2024-04-18T03:26:59Z,https://github.com/minimaxir/big-list-of-naughty-strings
Motrix,JavaScript,45994,4575,2018-12-18T11:45:05Z,2024-07-11T12:09:20Z,https://github.com/agalwood/Motrix
okhttp,Kotlin,45953,9170,2012-07-23T13:42:55Z,2024-12-06T05:12:31Z,https://github.com/square/okhttp
julia,Julia,45942,5493,2011-04-21T07:01:50Z,2024-12-07T22:43:17Z,https://github.com/JuliaLang/julia
first-contributions,,45820,80598,2016-09-20T14:35:09Z,2024-12-08T01:45:16Z,https://github.com/firstcontributions/first-contributions
appwrite,TypeScript,45793,4061,2019-04-08T16:36:25Z,2024-12-06T19:58:04Z,https://github.com/appwrite/appwrite
MetaGPT,Python,45764,5435,2023-06-30T09:04:55Z,2024-12-06T07:59:16Z,https://github.com/geekan/MetaGPT
PowerShell,C#,45755,7330,2016-01-13T23:41:35Z,2024-12-05T11:26:58Z,https://github.com/PowerShell/PowerShell
starship,Rust,45729,1979,2019-04-02T03:23:12Z,2024-12-07T17:10:13Z,https://github.com/starship/starship
100-Days-Of-ML-Code,,45726,10656,2018-07-05T09:11:43Z,2023-12-29T07:57:53Z,https://github.com/Avik-Jain/100-Days-Of-ML-Code
learn-regex,,45709,6244,2017-07-22T12:21:03Z,2024-02-23T13:17:14Z,https://github.com/ziishaned/learn-regex
react,JavaScript,45592,4144,2018-06-02T04:08:16Z,2024-11-19T13:36:21Z,https://github.com/typescript-cheatsheets/react
design-patterns-for-humans,,45550,5310,2017-02-16T21:24:39Z,2024-12-02T04:54:48Z,https://github.com/kamranahmedse/design-patterns-for-humans
v2ray-core,Go,45536,8955,2015-09-04T11:42:53Z,2024-11-15T03:49:21Z,https://github.com/v2ray/v2ray-core
gitea,Go,45499,5523,2016-11-01T02:13:26Z,2024-12-08T03:23:09Z,https://github.com/go-gitea/gitea
Projects,,45423,10582,2013-07-04T13:37:27Z,2024-08-14T19:06:05Z,https://github.com/karan/Projects
ImHex,C++,45384,1976,2020-11-10T14:27:00Z,2024-12-07T13:48:49Z,https://github.com/WerWolv/ImHex
gogs,Go,45192,4868,2014-02-12T01:57:08Z,2024-12-01T16:08:44Z,https://github.com/gogs/gogs
x64dbg,C++,44963,2455,2015-04-11T20:48:23Z,2024-12-01T14:12:57Z,https://github.com/x64dbg/x64dbg
PaddleOCR,Python,44862,7866,2020-05-08T10:38:16Z,2024-12-06T02:22:25Z,https://github.com/PaddlePaddle/PaddleOCR
architecture-samples,Kotlin,44541,11668,2016-02-05T13:42:07Z,2024-12-05T18:36:09Z,https://github.com/android/architecture-samples
alist,Go,44525,5777,2020-12-23T17:40:29Z,2024-12-07T09:04:04Z,https://github.com/AlistGo/alist
meteor,JavaScript,44467,5197,2012-01-19T01:58:17Z,2024-12-06T14:22:55Z,https://github.com/meteor/meteor
jest,TypeScript,44328,6471,2013-12-10T00:18:04Z,2024-12-04T09:41:09Z,https://github.com/jestjs/jest
AdminLTE,Astro,44132,18163,2013-12-25T02:52:40Z,2024-12-07T11:52:25Z,https://github.com/ColorlibHQ/AdminLTE
pixijs,TypeScript,44086,4794,2013-01-21T22:40:50Z,2024-12-06T14:48:56Z,https://github.com/pixijs/pixijs
fuels-ts,TypeScript,44037,1356,2021-09-03T18:11:03Z,2024-12-07T16:34:01Z,https://github.com/FuelLabs/fuels-ts
fuels-rs,Rust,44034,1346,2021-10-31T22:33:54Z,2024-12-07T01:36:36Z,https://github.com/FuelLabs/fuels-rs
quill,TypeScript,44006,3414,2012-07-30T23:23:18Z,2024-11-30T12:21:23Z,https://github.com/slab/quill
pandas,Python,43980,18058,2010-08-24T01:37:33Z,2024-12-06T18:13:45Z,https://github.com/pandas-dev/pandas
huginn,Ruby,43864,3800,2013-03-10T06:00:31Z,2024-12-07T00:06:38Z,https://github.com/huginn/huginn
type-challenges,TypeScript,43705,4741,2020-07-23T14:33:11Z,2024-12-08T01:50:38Z,https://github.com/type-challenges/type-challenges
json,C++,43540,6772,2013-07-04T08:47:49Z,2024-12-07T22:12:53Z,https://github.com/nlohmann/json
parcel,JavaScript,43534,2265,2017-08-07T16:36:47Z,2024-12-06T06:52:00Z,https://github.com/parcel-bundler/parcel
30-Days-Of-JavaScript,JavaScript,43506,10079,2019-12-23T14:07:40Z,2024-08-19T13:51:31Z,https://github.com/Asabeneh/30-Days-Of-JavaScript
hyper,TypeScript,43480,3525,2016-07-01T06:01:21Z,2024-08-14T03:32:57Z,https://github.com/vercel/hyper
TensorFlow-Examples,Jupyter Notebook,43449,14940,2015-11-11T14:21:19Z,2024-07-26T19:46:13Z,https://github.com/aymericdamien/TensorFlow-Examples
PythonDataScienceHandbook,Jupyter Notebook,43385,17969,2016-08-10T14:24:36Z,2024-06-26T19:17:33Z,https://github.com/jakevdp/PythonDataScienceHandbook
build-web-application-with-golang,Go,43360,10634,2012-08-02T11:49:35Z,2024-05-12T00:47:46Z,https://github.com/astaxie/build-web-application-with-golang
babel,TypeScript,43281,5650,2014-09-28T13:38:23Z,2024-12-06T16:55:12Z,https://github.com/babel/babel
zx,JavaScript,43237,1106,2021-05-05T05:50:01Z,2024-11-28T20:35:45Z,https://github.com/google/zx
30-Days-Of-Python,Python,43207,8243,2019-11-19T17:24:16Z,2024-10-09T08:43:32Z,https://github.com/Asabeneh/30-Days-Of-Python
terraform,Go,43186,9582,2014-03-13T22:25:48Z,2024-12-06T17:08:58Z,https://github.com/hashicorp/terraform
retrofit,HTML,43163,7307,2010-09-06T21:39:43Z,2024-12-05T20:41:37Z,https://github.com/square/retrofit
AFFiNE,TypeScript,43138,2822,2022-07-31T18:45:21Z,2024-12-08T03:39:23Z,https://github.com/toeverything/AFFiNE
open-source-ios-apps,,43011,5449,2015-01-26T23:32:34Z,2024-12-03T16:02:32Z,https://github.com/dkhamsing/open-source-ios-apps
CppCoreGuidelines,CSS,42967,5438,2015-08-19T20:22:52Z,2024-10-24T18:51:07Z,https://github.com/isocpp/CppCoreGuidelines
awesome-react-components,,42881,3516,2016-06-24T15:19:33Z,2024-08-12T13:52:53Z,https://github.com/brillout/awesome-react-components
query,TypeScript,42843,2934,2019-09-10T19:23:58Z,2024-12-07T19:15:43Z,https://github.com/TanStack/query
frontend-dev-bookmarks,,42709,5084,2013-06-22T13:23:55Z,2024-05-21T10:56:58Z,https://github.com/dypsilon/frontend-dev-bookmarks
discourse,Ruby,42529,8359,2013-01-12T00:25:55Z,2024-12-07T07:07:23Z,https://github.com/discourse/discourse
awesome-java,,42108,7373,2014-07-09T10:12:43Z,2024-11-12T14:06:17Z,https://github.com/akullpp/awesome-java
grpc,C++,42087,10588,2014-12-08T18:58:53Z,2024-12-06T20:29:43Z,https://github.com/grpc/grpc
jadx,Java,42078,4907,2013-03-18T17:08:21Z,2024-12-04T17:06:14Z,https://github.com/skylot/jadx
react-use,TypeScript,42056,3166,2018-10-27T10:16:05Z,2024-10-23T04:24:28Z,https://github.com/streamich/react-use
open-source-mac-os-apps,,41995,2315,2017-11-03T02:35:33Z,2024-10-15T21:28:27Z,https://github.com/serhii-londar/open-source-mac-os-apps
git-flight-rules,,41931,3194,2014-07-22T20:35:09Z,2024-08-27T02:17:08Z,https://github.com/k88hudson/git-flight-rules
Fooocus,Python,41845,5994,2023-08-09T18:43:40Z,2024-08-21T01:49:14Z,https://github.com/lllyasviel/Fooocus
front-end-interview-handbook,MDX,41830,5793,2018-01-13T19:40:08Z,2024-12-04T08:23:13Z,https://github.com/yangshun/front-end-interview-handbook
react-hook-form,TypeScript,41793,2091,2019-03-05T23:47:10Z,2024-12-07T01:10:37Z,https://github.com/react-hook-form/react-hook-form
brew,Ruby,41694,9793,2016-03-06T05:08:38Z,2024-12-07T19:20:29Z,https://github.com/Homebrew/brew
pm2,JavaScript,41649,2627,2013-05-21T03:25:25Z,2024-11-13T20:45:13Z,https://github.com/Unitech/pm2
Leaflet,JavaScript,41588,5859,2010-09-22T16:57:44Z,2024-12-02T13:47:45Z,https://github.com/Leaflet/Leaflet
yarn,JavaScript,41458,2731,2016-01-19T17:39:16Z,2024-09-25T18:26:35Z,https://github.com/yarnpkg/yarn
pocketbase,Go,41440,1952,2022-07-05T06:06:21Z,2024-12-06T20:09:38Z,https://github.com/pocketbase/pocketbase
Deep-Live-Cam,Python,41435,6059,2023-09-24T13:19:31Z,2024-11-30T18:07:38Z,https://github.com/hacksider/Deep-Live-Cam
kubernetes-the-hard-way,,41427,14157,2016-07-07T14:15:27Z,2024-11-21T06:03:00Z,https://github.com/kelseyhightower/kubernetes-the-hard-way
Alamofire,Swift,41324,7554,2014-07-31T05:56:19Z,2024-11-25T15:11:48Z,https://github.com/Alamofire/Alamofire
clash-verge-rev,TypeScript,41281,3190,2023-11-21T18:24:03Z,2024-12-08T02:32:34Z,https://github.com/clash-verge-rev/clash-verge-rev
lx-music-desktop,TypeScript,41034,6033,2019-08-14T14:31:08Z,2024-12-07T08:27:50Z,https://github.com/lyswhut/lx-music-desktop
vue2-elm,Vue,41021,12449,2016-12-23T01:49:20Z,2023-12-09T04:55:06Z,https://github.com/bailicangdu/vue2-elm
text-generation-webui,Python,40998,5344,2022-12-21T04:17:37Z,2024-12-03T02:49:53Z,https://github.com/oobabooga/text-generation-webui
JeecgBoot,Java,40922,14899,2018-11-26T10:40:00Z,2024-12-04T14:26:57Z,https://github.com/jeecgboot/JeecgBoot
edex-ui,JavaScript,40912,2594,2017-01-28T09:35:02Z,2021-10-19T22:38:47Z,https://github.com/GitSquared/edex-ui
Rocket.Chat,TypeScript,40882,10789,2015-05-19T07:36:09Z,2024-12-06T23:18:29Z,https://github.com/RocketChat/Rocket.Chat
ChatGLM-6B,Python,40790,5230,2023-03-13T12:00:18Z,2024-06-27T04:05:25Z,https://github.com/THUDM/ChatGLM-6B
dbeaver,Java,40775,3519,2015-10-21T08:26:28Z,2024-12-07T21:09:47Z,https://github.com/dbeaver/dbeaver
monaco-editor,JavaScript,40706,3613,2016-06-07T16:56:31Z,2024-12-06T16:00:05Z,https://github.com/microsoft/monaco-editor
python-patterns,Python,40607,6945,2012-06-06T21:02:35Z,2024-09-05T20:53:59Z,https://github.com/faif/python-patterns
styled-components,TypeScript,40560,2500,2016-08-16T06:41:32Z,2024-08-30T03:24:07Z,https://github.com/styled-components/styled-components
dubbo,Java,40560,26441,2012-06-19T07:56:02Z,2024-12-06T23:05:51Z,https://github.com/apache/dubbo
awesome-cheatsheets,JavaScript,40549,6224,2017-11-09T02:47:15Z,2024-08-24T21:07:02Z,https://github.com/LeCoupa/awesome-cheatsheets
nw.js,JavaScript,40418,3882,2012-01-04T06:21:10Z,2024-12-07T02:15:36Z,https://github.com/nwjs/nw.js
awesome-design-patterns,,40375,2947,2018-06-04T17:47:48Z,2024-10-25T19:57:00Z,https://github.com/DovAmir/awesome-design-patterns
what-happens-when,,40304,5554,2013-11-07T04:30:06Z,2024-08-19T13:02:25Z,https://github.com/alex/what-happens-when
reactjs-interview-questions,JavaScript,40258,9528,2018-05-31T17:17:01Z,2024-11-25T14:57:52Z,https://github.com/sudheerj/reactjs-interview-questions
uni-app,JavaScript,40211,3641,2018-07-12T08:52:39Z,2024-12-07T16:21:15Z,https://github.com/dcloudio/uni-app
spark,Scala,40130,28371,2014-02-25T08:00:08Z,2024-12-07T18:24:58Z,https://github.com/apache/spark
swiper,JavaScript,40107,9747,2012-03-14T19:11:45Z,2024-11-18T19:57:48Z,https://github.com/nolimits4web/swiper
acme.sh,Shell,39999,5024,2015-12-26T12:56:33Z,2024-12-07T22:01:17Z,https://github.com/acmesh-official/acme.sh
prisma,TypeScript,39991,1564,2019-06-20T13:33:47Z,2024-12-07T01:43:53Z,https://github.com/prisma/prisma
vuetify,TypeScript,39978,6966,2016-09-12T00:39:35Z,2024-12-06T04:32:52Z,https://github.com/vuetifyjs/vuetify
diagrams,Python,39901,2553,2020-02-02T15:23:24Z,2024-12-06T20:26:16Z,https://github.com/mingrammer/diagrams
llm-course,Jupyter Notebook,39810,4217,2023-06-17T22:16:25Z,2024-07-28T22:17:43Z,https://github.com/mlabonne/llm-course
pyenv,Roff,39756,3067,2012-08-31T06:57:52Z,2024-12-07T11:29:32Z,https://github.com/pyenv/pyenv
fastlane,Ruby,39718,5721,2014-12-02T17:00:38Z,2024-12-04T07:37:27Z,https://github.com/fastlane/fastlane
CPlusPlusThings,C++,39693,8577,2019-07-14T08:45:45Z,2024-06-14T01:58:36Z,https://github.com/Light-City/CPlusPlusThings
vaultwarden,Rust,39690,1918,2018-02-17T22:40:20Z,2024-12-06T10:05:52Z,https://github.com/dani-garcia/vaultwarden
ailearning,Python,39676,11457,2017-02-25T08:53:02Z,2024-11-12T16:21:55Z,https://github.com/apachecn/ailearning
hexo,TypeScript,39652,4866,2012-09-23T15:17:08Z,2024-10-14T01:40:32Z,https://github.com/hexojs/hexo
kong,Lua,39430,4833,2014-11-17T23:56:08Z,2024-12-07T00:49:08Z,https://github.com/Kong/kong
stablediffusion,Python,39401,5079,2022-11-23T23:59:50Z,2024-10-10T21:28:57Z,https://github.com/Stability-AI/stablediffusion
sentry,Python,39361,4219,2010-08-30T22:06:41Z,2024-12-07T02:24:50Z,https://github.com/getsentry/sentry
odoo,Python,39326,25474,2014-05-13T15:38:58Z,2024-12-08T01:25:05Z,https://github.com/odoo/odoo
black,Python,39282,2478,2018-03-14T19:54:45Z,2024-12-04T04:44:26Z,https://github.com/psf/black
lazydocker,Go,39139,1242,2019-05-18T08:53:50Z,2024-11-23T06:31:57Z,https://github.com/jesseduffield/lazydocker
metabase,Clojure,39038,5187,2015-02-02T19:25:47Z,2024-12-07T09:35:15Z,https://github.com/metabase/metabase
ColossalAI,Python,38873,4349,2021-10-28T16:19:44Z,2024-12-02T03:29:19Z,https://github.com/hpcaitech/ColossalAI
materialize,JavaScript,38864,4737,2014-09-12T19:35:38Z,2024-12-05T03:16:52Z,https://github.com/Dogfalo/materialize
htmx,JavaScript,38777,1314,2020-04-13T16:17:51Z,2024-12-08T03:25:51Z,https://github.com/bigskysoftware/htmx
fanqiang,Kotlin,38729,7294,2015-01-14T00:34:25Z,2024-12-07T12:20:52Z,https://github.com/bannedbook/fanqiang
cheat.sh,Python,38568,1795,2017-05-07T21:40:56Z,2024-11-13T11:51:19Z,https://github.com/chubin/cheat.sh
iina,Swift,38523,2584,2016-12-19T07:18:45Z,2024-12-07T23:52:53Z,https://github.com/iina/iina
cobra,Go,38509,2857,2013-09-03T20:40:26Z,2024-11-05T11:19:24Z,https://github.com/spf13/cobra
Deep-Learning-Papers-Reading-Roadmap,Python,38408,7327,2016-10-14T11:49:48Z,2022-11-27T13:18:32Z,https://github.com/floodsung/Deep-Learning-Papers-Reading-Roadmap
php-src,C,38368,7771,2011-06-16T01:52:25Z,2024-12-07T22:35:26Z,https://github.com/php/php-src
nvm-windows,Go,38355,3374,2014-09-20T16:37:28Z,2024-11-14T04:24:54Z,https://github.com/coreybutler/nvm-windows
bert,Python,38325,9621,2018-10-25T22:57:34Z,2024-07-23T23:39:41Z,https://github.com/google-research/bert
esbuild,Go,38294,1163,2016-06-14T16:08:50Z,2024-10-21T20:49:51Z,https://github.com/evanw/esbuild
tabler,HTML,38217,4004,2018-02-01T09:08:59Z,2024-12-06T09:11:54Z,https://github.com/tabler/tabler
video.js,JavaScript,38191,7465,2010-05-14T18:45:10Z,2024-12-05T21:48:23Z,https://github.com/videojs/video.js
wrk,C,38145,2948,2012-03-20T11:12:28Z,2023-12-30T10:33:51Z,https://github.com/wg/wrk
OpenHands,Python,38109,4311,2024-03-13T03:33:31Z,2024-12-08T03:19:09Z,https://github.com/All-Hands-AI/OpenHands
chakra-ui,TypeScript,38095,3291,2019-08-17T14:27:54Z,2024-12-08T00:58:30Z,https://github.com/chakra-ui/chakra-ui
ClickHouse,C++,37967,6957,2016-06-02T08:28:18Z,2024-12-08T01:36:55Z,https://github.com/ClickHouse/ClickHouse
chinese-independent-developer,,37925,3162,2017-09-21T11:08:23Z,2024-12-07T14:17:54Z,https://github.com/1c7/chinese-independent-developer
Made-With-ML,Jupyter Notebook,37766,5981,2018-11-05T03:44:27Z,2024-08-18T04:34:15Z,https://github.com/GokuMohandas/Made-With-ML
nanoGPT,Python,37746,6025,2022-12-28T00:51:12Z,2024-08-19T10:49:32Z,https://github.com/karpathy/nanoGPT
impress.js,JavaScript,37686,6665,2011-12-28T22:23:19Z,2024-04-26T17:13:34Z,https://github.com/impress/impress.js
MPAndroidChart,Java,37683,9022,2014-04-25T14:29:47Z,2024-08-20T14:01:30Z,https://github.com/PhilJay/MPAndroidChart
styleguide,HTML,37591,13303,2015-05-20T19:18:59Z,2024-12-06T22:19:26Z,https://github.com/google/styleguide
50projects50days,CSS,37539,9218,2020-11-16T14:39:01Z,2024-08-20T13:14:49Z,https://github.com/bradtraversy/50projects50days
English-level-up-tips,HTML,37525,4153,2017-05-30T07:18:52Z,2024-07-13T17:58:27Z,https://github.com/byoungd/English-level-up-tips
cli,Go,37521,5888,2019-10-03T15:24:53Z,2024-12-06T17:53:08Z,https://github.com/cli/cli
airflow,Python,37512,14376,2015-04-13T18:04:58Z,2024-12-07T19:42:42Z,https://github.com/apache/airflow
zju-icicles,HTML,37473,9456,2016-06-28T16:17:32Z,2024-11-20T17:03:34Z,https://github.com/QSCTech/zju-icicles
tidb,Go,37442,5853,2015-09-06T04:01:52Z,2024-12-07T08:06:31Z,https://github.com/pingcap/tidb
langflow,Python,37307,4353,2023-02-08T22:28:03Z,2024-12-08T01:30:56Z,https://github.com/langflow-ai/langflow
phaser,JavaScript,37257,7103,2013-04-12T12:27:51Z,2024-11-21T03:35:29Z,https://github.com/phaserjs/phaser
llama_index,Python,37194,5339,2022-11-02T04:24:54Z,2024-12-08T02:26:10Z,https://github.com/run-llama/llama_index
FastChat,Python,37175,4573,2023-03-19T00:18:02Z,2024-11-29T21:46:41Z,https://github.com/lm-sys/FastChat
gorm,Go,37121,3938,2013-10-25T08:31:38Z,2024-12-06T02:27:44Z,https://github.com/go-gorm/gorm
termux-app,Java,37119,3897,2015-10-23T09:42:46Z,2024-10-28T07:45:40Z,https://github.com/termux/termux-app
freecodecamp.cn,CSS,37112,1371,2016-09-30T03:13:43Z,2023-07-16T16:48:59Z,https://github.com/FreeCodeCampChina/freecodecamp.cn
Open-Assistant,Python,37108,3243,2022-12-13T05:24:17Z,2024-08-17T01:55:35Z,https://github.com/LAION-AI/Open-Assistant
mitmproxy,Python,37085,4055,2010-02-16T04:10:13Z,2024-12-05T09:31:17Z,https://github.com/mitmproxy/mitmproxy
free,,37075,5744,2020-06-07T02:48:33Z,2024-08-20T09:43:55Z,https://github.com/freefq/free
preact,JavaScript,36925,1954,2015-09-11T02:40:18Z,2024-12-07T17:01:26Z,https://github.com/preactjs/preact
vim,Vim Script,36848,5480,2015-08-18T21:03:56Z,2024-12-07T15:30:36Z,https://github.com/vim/vim
quivr,Python,36837,3602,2023-05-12T23:53:30Z,2024-12-06T13:15:37Z,https://github.com/QuivrHQ/quivr
bevy,Rust,36814,3623,2020-01-18T21:13:55Z,2024-12-08T01:37:37Z,https://github.com/bevyengine/bevy
tutorials,Java,36760,54453,2013-04-29T18:26:36Z,2024-12-07T14:22:46Z,https://github.com/eugenp/tutorials
leveldb,C++,36725,7855,2014-08-27T21:17:52Z,2024-08-23T16:56:43Z,https://github.com/google/leveldb
v2rayNG,Kotlin,36699,5588,2019-05-15T02:15:31Z,2024-12-07T11:22:49Z,https://github.com/2dust/v2rayNG
interview_internal_reference,Python,36678,9441,2019-06-10T06:54:19Z,2024-05-20T12:04:02Z,https://github.com/0voice/interview_internal_reference
pure-bash-bible,Shell,36643,3292,2018-06-13T01:39:33Z,2023-11-28T03:26:23Z,https://github.com/dylanaraps/pure-bash-bible
GPT-SoVITS,Python,36637,4171,2024-01-14T18:05:21Z,2024-11-07T10:19:20Z,https://github.com/RVC-Boss/GPT-SoVITS
ant-design-pro,TypeScript,36628,8152,2017-08-25T10:40:44Z,2024-12-02T18:26:12Z,https://github.com/ant-design/ant-design-pro
python-cheatsheet,Python,36586,6484,2018-01-25T04:16:53Z,2024-12-07T17:34:58Z,https://github.com/gto76/python-cheatsheet
shellcheck,Haskell,36557,1780,2012-11-17T03:15:11Z,2024-11-30T02:13:34Z,https://github.com/koalaman/shellcheck
EasySpider,JavaScript,36384,4448,2020-07-18T02:41:27Z,2024-11-25T09:34:22Z,https://github.com/NaiboWang/EasySpider
bark,Jupyter Notebook,36374,4279,2023-04-07T19:34:48Z,2024-08-19T07:45:36Z,https://github.com/suno-ai/bark
tldraw,TypeScript,36205,2231,2021-05-09T11:48:37Z,2024-12-07T21:18:38Z,https://github.com/tldraw/tldraw
istio,Go,36201,7790,2016-11-18T23:57:21Z,2024-12-08T02:44:08Z,https://github.com/istio/istio
JavaFamily,,36186,7803,2019-11-12T04:26:18Z,2024-09-04T09:25:59Z,https://github.com/AobingJava/JavaFamily
manifesto,HTML,36175,1090,2023-08-13T16:17:24Z,2024-11-01T13:13:20Z,https://github.com/opentofu/manifesto
curl,C,36105,6465,2010-03-18T22:32:22Z,2024-12-07T21:48:01Z,https://github.com/curl/curl
aria2,C++,36100,3622,2010-11-27T09:41:48Z,2024-08-03T07:01:16Z,https://github.com/aria2/aria2
whisper.cpp,C++,36086,3689,2022-09-25T18:26:37Z,2024-12-06T13:35:09Z,https://github.com/ggerganov/whisper.cpp
streamlit,Python,36065,3113,2019-08-24T00:14:52Z,2024-12-08T01:26:51Z,https://github.com/streamlit/streamlit
GFPGAN,Python,35980,5965,2021-03-19T06:18:20Z,2024-07-26T18:44:02Z,https://github.com/TencentARC/GFPGAN
TTS,Python,35936,4402,2020-05-20T15:45:28Z,2024-08-16T12:07:14Z,https://github.com/coqui-ai/TTS
awesome-compose,HTML,35924,6782,2020-02-13T08:51:42Z,2024-12-03T04:28:11Z,https://github.com/docker/awesome-compose
v,V,35897,2170,2019-02-08T02:57:06Z,2024-12-08T02:09:17Z,https://github.com/vlang/v
wtfpython,Python,35882,2661,2017-08-28T20:22:19Z,2024-11-26T15:56:16Z,https://github.com/satwikkansal/wtfpython
deeplearningbook-chinese,TeX,35865,9111,2016-12-07T11:46:51Z,2019-12-03T04:25:44Z,https://github.com/exacity/deeplearningbook-chinese
typst,Rust,35857,962,2019-09-24T21:41:56Z,2024-12-07T17:29:58Z,https://github.com/typst/typst
DeepSpeed,Python,35787,4151,2020-01-23T18:35:18Z,2024-12-07T04:31:27Z,https://github.com/microsoft/DeepSpeed
og-aws,Shell,35776,3878,2016-07-13T17:30:16Z,2024-08-16T02:51:54Z,https://github.com/open-guides/og-aws
DragGAN,Python,35774,3449,2023-05-18T10:08:02Z,2024-05-18T17:51:40Z,https://github.com/XingangPan/DragGAN
lerna,TypeScript,35771,2262,2015-12-04T09:36:55Z,2024-12-06T00:59:20Z,https://github.com/lerna/lerna
arthas,Java,35758,7513,2018-08-29T17:15:57Z,2024-12-02T07:14:08Z,https://github.com/alibaba/arthas
taro,TypeScript,35705,4794,2018-04-08T09:32:26Z,2024-12-07T00:11:59Z,https://github.com/NervJS/taro
LLaMA-Factory,Python,35695,4394,2023-05-28T10:09:12Z,2024-12-06T12:32:41Z,https://github.com/hiyouga/LLaMA-Factory
tmux,C,35680,2129,2015-06-03T23:32:55Z,2024-12-06T12:01:50Z,https://github.com/tmux/tmux
photoprism,Go,35675,1975,2018-01-27T12:00:15Z,2024-12-07T14:46:53Z,https://github.com/photoprism/photoprism
jellyfin,C#,35633,3225,2018-12-09T06:36:45Z,2024-12-07T10:53:56Z,https://github.com/jellyfin/jellyfin
aspnetcore,C#,35622,10070,2014-03-11T06:09:42Z,2024-12-07T13:00:24Z,https://github.com/dotnet/aspnetcore
novu,TypeScript,35542,3917,2021-08-26T15:22:44Z,2024-12-07T19:56:41Z,https://github.com/novuhq/novu
autogen,Jupyter Notebook,35525,5135,2023-08-18T11:43:45Z,2024-12-08T03:39:16Z,https://github.com/microsoft/autogen
tesseract.js,JavaScript,35477,2238,2015-06-24T02:49:52Z,2024-10-19T10:48:00Z,https://github.com/naptha/tesseract.js
MockingBird,Python,35450,5211,2021-08-07T03:53:39Z,2024-11-15T05:00:29Z,https://github.com/babysor/MockingBird
devdocs,Ruby,35428,2372,2013-10-24T18:16:07Z,2024-12-07T15:24:56Z,https://github.com/freeCodeCamp/devdocs
wtfjs,JavaScript,35393,2562,2017-07-14T15:42:12Z,2023-11-30T19:14:21Z,https://github.com/denysdovhan/wtfjs
Summer2025-Internships,,35389,2794,2020-05-23T20:53:18Z,2024-12-08T02:46:14Z,https://github.com/SimplifyJobs/Summer2025-Internships
TrafficMonitor,C++,35346,3277,2017-07-30T02:51:17Z,2024-03-16T04:54:57Z,https://github.com/zhongyang219/TrafficMonitor
fullPage.js,JavaScript,35330,7289,2013-09-20T11:58:29Z,2024-12-02T17:46:21Z,https://github.com/alvarotrigo/fullPage.js
hello-algorithm,Java,35319,6473,2020-05-29T05:47:09Z,2023-06-13T04:13:17Z,https://github.com/geekxh/hello-algorithm
zig,Zig,35307,2576,2015-08-06T00:51:28Z,2024-12-07T21:21:36Z,https://github.com/ziglang/zig
shadowsocks-android,Kotlin,35298,11570,2012-12-16T13:40:29Z,2024-11-02T21:35:36Z,https://github.com/shadowsocks/shadowsocks-android
awesome-remote-job,,35260,3952,2015-01-02T00:31:34Z,2024-12-05T19:32:19Z,https://github.com/lukasz-madon/awesome-remote-job
koa,JavaScript,35257,3228,2013-07-20T18:53:45Z,2024-12-06T15:21:51Z,https://github.com/koajs/koa
expo,TypeScript,35236,5634,2016-08-15T17:14:25Z,2024-12-08T00:39:57Z,https://github.com/expo/expo
sheetjs,,35230,7990,2012-12-03T19:25:52Z,2024-04-18T08:06:46Z,https://github.com/SheetJS/sheetjs
trpc,TypeScript,35204,1263,2020-07-18T01:17:11Z,2024-12-07T21:59:40Z,https://github.com/trpc/trpc
coolify,PHP,35164,1940,2021-01-25T20:54:01Z,2024-12-07T13:36:33Z,https://github.com/coollabsio/coolify
WeChatMsg,Python,35113,3664,2023-01-11T05:03:49Z,2024-11-26T04:22:23Z,https://github.com/LC044/WeChatMsg
insomnia,JavaScript,35086,1990,2016-04-23T03:54:26Z,2024-12-07T17:24:58Z,https://github.com/Kong/insomnia
AI-For-Beginners,Jupyter Notebook,35081,5973,2021-03-03T16:27:36Z,2024-11-11T19:55:47Z,https://github.com/microsoft/AI-For-Beginners
lottie-android,Java,35058,5413,2016-10-06T22:42:42Z,2024-12-04T18:32:45Z,https://github.com/airbnb/lottie-android
interview,C++,35005,7994,2018-02-09T09:49:48Z,2024-03-19T06:44:41Z,https://github.com/huihut/interview
googletest,C++,34987,10182,2015-07-28T15:07:53Z,2024-11-20T17:39:02Z,https://github.com/google/googletest
date-fns,TypeScript,34984,1798,2014-10-06T10:24:22Z,2024-09-23T08:07:29Z,https://github.com/date-fns/date-fns
nativefier,TypeScript,34969,2215,2015-07-05T05:56:42Z,2023-09-29T13:45:16Z,https://github.com/nativefier/nativefier
pandoc,Haskell,34967,3398,2010-03-20T20:34:23Z,2024-12-08T01:56:45Z,https://github.com/jgm/pandoc
memos,Go,34956,2505,2021-12-08T15:30:18Z,2024-12-07T04:26:54Z,https://github.com/usememos/memos
gym,Python,34940,8612,2016-04-27T14:59:16Z,2024-10-11T20:07:05Z,https://github.com/openai/gym
hackathon-starter,JavaScript,34917,8184,2013-11-13T17:24:12Z,2024-05-13T15:04:44Z,https://github.com/sahat/hackathon-starter
Files,C#,34886,2213,2019-01-04T18:19:14Z,2024-12-06T04:16:57Z,https://github.com/files-community/Files
appsmith,TypeScript,34835,3767,2020-06-30T04:07:36Z,2024-12-07T12:00:59Z,https://github.com/appsmithorg/appsmith
955.WLB,,34802,1754,2019-03-27T23:53:37Z,2024-05-24T09:37:54Z,https://github.com/formulahendry/955.WLB
lapce,Rust,34762,1048,2018-02-06T08:41:06Z,2024-12-08T00:49:15Z,https://github.com/lapce/lapce
awesome-react-native,JavaScript,34733,4000,2015-03-26T19:58:06Z,2024-07-05T13:12:41Z,https://github.com/jondot/awesome-react-native
LLMs-from-scratch,Jupyter Notebook,34715,4265,2023-07-23T18:15:57Z,2024-11-18T10:52:42Z,https://github.com/rasbt/LLMs-from-scratch
glide,Java,34710,6126,2013-07-08T22:52:33Z,2024-12-03T02:12:49Z,https://github.com/bumptech/glide
carbon,JavaScript,34689,1916,2017-06-16T02:50:28Z,2024-08-02T03:08:17Z,https://github.com/carbon-app/carbon
the-way-to-go_ZH_CN,Go,34650,8613,2013-03-24T17:18:38Z,2024-08-14T07:04:25Z,https://github.com/unknwon/the-way-to-go_ZH_CN
TaskMatrix,Python,34560,3317,2023-03-02T09:04:28Z,2024-01-06T02:41:20Z,https://github.com/chenfei-wu/TaskMatrix
typeorm,TypeScript,34528,6343,2016-02-29T07:41:14Z,2024-11-28T12:57:13Z,https://github.com/typeorm/typeorm
google-research,Jupyter Notebook,34445,7943,2018-10-04T18:42:48Z,2024-12-06T04:47:35Z,https://github.com/google-research/google-research
gradio,Python,34439,2615,2018-12-19T08:24:04Z,2024-12-07T16:00:05Z,https://github.com/gradio-app/gradio
node-v0.x-archive,,34422,7308,2009-05-27T16:29:46Z,2024-08-15T20:32:32Z,https://github.com/nodejs/node-v0.x-archive
fd,Rust,34396,815,2017-05-09T21:27:10Z,2024-12-02T16:16:39Z,https://github.com/sharkdp/fd
zod,TypeScript,34389,1209,2020-03-07T20:59:08Z,2024-12-08T02:01:48Z,https://github.com/colinhacks/zod
daisyui,Svelte,34365,1311,2020-11-28T22:57:27Z,2024-12-08T03:12:52Z,https://github.com/saadeghi/daisyui
metasploit-framework,Ruby,34358,14025,2011-08-30T06:13:20Z,2024-12-07T15:05:00Z,https://github.com/rapid7/metasploit-framework
ray,Python,34327,5832,2016-10-25T19:38:30Z,2024-12-07T02:55:18Z,https://github.com/ray-project/ray
OpenBB,Python,34296,3149,2020-12-20T10:46:38Z,2024-12-08T03:03:29Z,https://github.com/OpenBB-finance/OpenBB
maybe,Ruby,34271,2459,2024-01-01T22:23:46Z,2024-12-07T00:37:21Z,https://github.com/maybe-finance/maybe
vim-plug,Vim Script,34262,1929,2013-09-10T14:58:51Z,2024-07-09T11:19:22Z,https://github.com/junegunn/vim-plug
halo,Java,34239,9735,2018-03-21T12:56:52Z,2024-12-05T08:45:15Z,https://github.com/halo-dev/halo
fiber,Go,34218,1682,2020-01-16T03:59:20Z,2024-12-07T03:41:12Z,https://github.com/gofiber/fiber
compose,Go,34206,5259,2013-12-09T11:40:58Z,2024-12-06T15:46:42Z,https://github.com/docker/compose
Awesome-Design-Tools,JavaScript,34206,2078,2019-02-12T13:55:30Z,2024-07-28T19:57:31Z,https://github.com/goabstract/Awesome-Design-Tools
caffe,C++,34144,18671,2013-09-12T18:39:48Z,2024-07-31T23:10:28Z,https://github.com/BVLC/caffe
cli,Python,34139,3685,2012-02-25T12:39:13Z,2024-11-01T17:35:37Z,https://github.com/httpie/cli
RSSHub,TypeScript,34131,7600,2018-04-02T14:43:21Z,2024-12-08T01:31:45Z,https://github.com/DIYgod/RSSHub
helix,Rust,34127,2525,2020-06-01T04:26:56Z,2024-12-08T03:35:29Z,https://github.com/helix-editor/helix
penpot,Clojure,34101,1734,2015-12-29T22:09:07Z,2024-12-05T16:46:04Z,https://github.com/penpot/penpot
HanLP,Python,34071,10210,2014-10-09T06:36:16Z,2024-12-07T09:51:21Z,https://github.com/hankcs/HanLP
clipboard.js,JavaScript,34054,3977,2015-09-18T23:04:55Z,2024-01-09T17:45:20Z,https://github.com/zenorocha/clipboard.js
formik,TypeScript,34032,2793,2017-06-14T19:50:59Z,2024-10-18T03:18:36Z,https://github.com/jaredpalmer/formik
jsoncrack.com,TypeScript,33971,2181,2022-01-30T15:25:18Z,2024-12-07T22:03:01Z,https://github.com/AykutSarac/jsoncrack.com
12306,Python,33907,9792,2017-05-17T12:23:40Z,2023-04-02T03:19:43Z,https://github.com/testerSunshine/12306
gold-miner,,33833,5028,2015-11-04T03:29:13Z,2024-04-17T09:44:37Z,https://github.com/xitu/gold-miner
awesome-javascript,,33759,4431,2014-07-01T15:59:02Z,2024-09-03T13:01:53Z,https://github.com/sorrycc/awesome-javascript
slidev,TypeScript,33755,1377,2021-04-24T01:25:23Z,2024-12-04T07:13:41Z,https://github.com/slidevjs/slidev
ultralytics,Python,33656,6476,2022-09-11T16:39:45Z,2024-12-08T00:20:16Z,https://github.com/ultralytics/ultralytics
shadowsocks,Python,33590,18577,2012-04-20T13:10:49Z,2024-04-01T09:07:32Z,https://github.com/shadowsocks/shadowsocks
netty,Java,33552,15968,2010-11-09T09:22:21Z,2024-12-07T13:35:54Z,https://github.com/netty/netty
ccxt,Python,33499,7576,2017-05-14T15:41:56Z,2024-12-07T15:48:42Z,https://github.com/ccxt/ccxt
REKCARC-TSC-UHT,HTML,33498,7656,2019-04-05T03:31:23Z,2024-07-23T16:09:42Z,https://github.com/PKUanonym/REKCARC-TSC-UHT
ruff,Rust,33479,1121,2022-08-09T17:17:44Z,2024-12-07T17:34:50Z,https://github.com/astral-sh/ruff
jieba,Python,33469,6724,2012-09-29T07:52:01Z,2024-08-21T09:23:45Z,https://github.com/fxsjy/jieba
react-beautiful-dnd,JavaScript,33456,2594,2017-08-09T03:37:15Z,2024-12-06T03:52:24Z,https://github.com/atlassian/react-beautiful-dnd
Pake,Rust,33414,5868,2022-10-14T09:32:57Z,2024-12-06T09:49:55Z,https://github.com/tw93/Pake
logseq,Clojure,33364,1953,2020-05-23T00:06:06Z,2024-12-07T03:10:30Z,https://github.com/logseq/logseq
AndroidUtilCode,Java,33363,10692,2016-07-30T18:18:32Z,2024-08-15T10:38:10Z,https://github.com/Blankj/AndroidUtilCode
marked,JavaScript,33360,3391,2011-07-24T13:15:51Z,2024-11-29T05:25:05Z,https://github.com/markedjs/marked
ToolJet,JavaScript,33342,4321,2021-03-30T08:51:34Z,2024-12-07T13:38:23Z,https://github.com/ToolJet/ToolJet
AFNetworking,Objective-C,33336,10384,2011-05-31T21:28:44Z,2023-01-17T19:30:05Z,https://github.com/AFNetworking/AFNetworking
awesome-shell,,33307,2384,2014-07-07T01:57:42Z,2024-08-21T06:53:29Z,https://github.com/alebcay/awesome-shell
spacedrive,TypeScript,33247,993,2021-09-27T05:09:04Z,2024-12-02T21:45:41Z,https://github.com/spacedriveapp/spacedrive
brackets,JavaScript,33243,7622,2011-12-07T21:14:40Z,2022-06-12T08:19:24Z,https://github.com/adobe/brackets
spring-boot-demo,Java,33187,10901,2017-11-10T06:27:29Z,2024-07-24T02:02:52Z,https://github.com/xkcoding/spring-boot-demo
system-design,,33151,3657,2022-08-15T18:59:54Z,2024-04-10T15:00:47Z,https://github.com/karanpratapsingh/system-design
LeetCode-Go,Go,33146,5726,2017-07-18T00:06:14Z,2024-10-25T18:16:30Z,https://github.com/halfrost/LeetCode-Go
XX-Net,Python,33086,7689,2015-01-15T09:35:51Z,2024-06-11T04:53:12Z,https://github.com/XX-net/XX-Net
gulp,JavaScript,33025,4226,2013-07-04T05:26:06Z,2024-05-31T22:23:47Z,https://github.com/gulpjs/gulp
immutable-js,TypeScript,32971,1786,2014-07-02T06:02:29Z,2024-11-19T21:29:05Z,https://github.com/immutable-js/immutable-js
nushell,Rust,32916,1703,2019-05-10T16:59:42Z,2024-12-07T15:55:15Z,https://github.com/nushell/nushell
zxing,Java,32901,9366,2011-10-12T14:07:27Z,2024-11-25T06:53:18Z,https://github.com/zxing/zxing
easyexcel,Java,32845,7590,2018-02-06T03:14:08Z,2024-10-29T06:07:07Z,https://github.com/alibaba/easyexcel
ChatTTS,Python,32829,3558,2024-05-27T18:26:49Z,2024-12-03T16:18:54Z,https://github.com/2noise/ChatTTS
GitHubDaily,,32822,3590,2018-12-30T13:56:58Z,2024-05-29T08:56:25Z,https://github.com/GitHubDaily/GitHubDaily
cal.com,TypeScript,32791,8158,2021-03-22T13:47:42Z,2024-12-07T10:24:30Z,https://github.com/calcom/cal.com
sqlmap,Python,32789,5744,2012-06-26T09:52:15Z,2024-12-04T09:08:04Z,https://github.com/sqlmapproject/sqlmap
husky,JavaScript,32741,1037,2014-06-23T12:14:21Z,2024-11-26T00:20:16Z,https://github.com/typicode/husky
framework,PHP,32726,11060,2013-01-10T21:27:28Z,2024-12-06T19:39:49Z,https://github.com/laravel/framework
JavaScript,JavaScript,32623,5612,2017-07-13T06:12:33Z,2024-11-16T16:08:18Z,https://github.com/TheAlgorithms/JavaScript
ijkplayer,C,32613,8136,2013-06-03T04:12:04Z,2024-08-13T00:53:33Z,https://github.com/bilibili/ijkplayer
solid,TypeScript,32574,932,2018-04-24T16:36:27Z,2024-11-20T15:26:09Z,https://github.com/solidjs/solid
fastify,JavaScript,32561,2321,2016-09-28T19:10:14Z,2024-12-07T10:47:58Z,https://github.com/fastify/fastify
pytorch-image-models,Python,32525,4780,2019-02-02T05:51:12Z,2024-12-06T20:06:56Z,https://github.com/huggingface/pytorch-image-models
ShadowsocksX-NG,Swift,32499,7945,2016-06-10T11:49:00Z,2024-10-29T12:19:30Z,https://github.com/shadowsocks/ShadowsocksX-NG
carbon-lang,C++,32420,1480,2020-04-27T21:45:16Z,2024-12-08T02:37:30Z,https://github.com/carbon-language/carbon-lang
Langchain-Chatchat,TypeScript,32353,5615,2023-03-31T12:12:45Z,2024-11-29T05:06:44Z,https://github.com/chatchat-space/Langchain-Chatchat
harness,Go,32308,2820,2014-02-07T07:54:44Z,2024-12-07T17:11:55Z,https://github.com/harness/harness
linux-command,Markdown,32299,6191,2016-11-12T15:44:26Z,2024-11-29T02:25:52Z,https://github.com/jaywcjlove/linux-command
material-design-lite,HTML,32286,5026,2015-01-14T22:01:33Z,2024-07-22T20:40:09Z,https://github.com/google/material-design-lite
Coursera-ML-AndrewNg-Notes,HTML,32263,10646,2017-11-04T10:04:08Z,2024-06-10T00:47:49Z,https://github.com/fengdu78/Coursera-ML-AndrewNg-Notes
Flowise,TypeScript,32188,16780,2023-03-31T12:23:09Z,2024-12-08T01:24:29Z,https://github.com/FlowiseAI/Flowise
awesome-awesomeness,Ruby,32148,3559,2014-07-08T05:44:19Z,2024-06-02T22:46:41Z,https://github.com/bayandin/awesome-awesomeness
Python,Python,32049,12320,2011-11-30T09:04:08Z,2024-12-06T19:33:11Z,https://github.com/geekcomputers/Python
leetcode,Java,32025,7672,2018-09-16T14:03:03Z,2024-12-07T01:47:39Z,https://github.com/doocs/leetcode
gpt-pilot,Python,32010,3233,2023-08-16T11:56:07Z,2024-10-03T14:56:36Z,https://github.com/Pythagora-io/gpt-pilot
AgentGPT,TypeScript,32005,9253,2023-04-07T02:29:19Z,2024-10-07T09:32:51Z,https://github.com/reworkd/AgentGPT
spotube,Dart,31945,1323,2021-02-14T03:17:58Z,2024-12-01T13:01:32Z,https://github.com/KRTirtho/spotube
freqtrade,Python,31940,6461,2017-05-17T23:48:53Z,2024-12-07T16:50:00Z,https://github.com/freqtrade/freqtrade
poetry,Python,31919,2281,2018-02-28T15:23:47Z,2024-12-06T16:29:16Z,https://github.com/python-poetry/poetry
NewPipe,Java,31875,3086,2015-09-03T23:39:26Z,2024-12-05T13:37:24Z,https://github.com/TeamNewPipe/NewPipe
engineering-blogs,Ruby,31842,1642,2015-06-13T18:25:17Z,2024-08-21T13:01:11Z,https://github.com/kilimchoi/engineering-blogs
faiss,C++,31825,3666,2017-02-07T16:07:05Z,2024-12-06T22:24:48Z,https://github.com/facebookresearch/faiss
run,,31744,2627,2022-04-10T05:42:40Z,2024-07-31T03:44:51Z,https://github.com/The-Run-Philosophy-Organization/run
chatgpt-on-wechat,Python,31736,8252,2022-08-07T08:33:41Z,2024-12-02T13:53:52Z,https://github.com/zhayujie/chatgpt-on-wechat
certbot,Python,31686,3411,2014-11-12T02:52:20Z,2024-12-06T20:37:20Z,https://github.com/certbot/certbot
beego,Go,31667,5623,2012-02-29T02:32:08Z,2024-12-01T07:36:38Z,https://github.com/beego/beego
zsh-autosuggestions,Shell,31639,1874,2013-10-26T16:09:37Z,2024-11-26T03:07:39Z,https://github.com/zsh-users/zsh-autosuggestions
android-open-project,,31638,11925,2014-01-05T15:20:15Z,2024-07-08T20:33:59Z,https://github.com/Trinea/android-open-project
upscayl,TypeScript,31596,1461,2022-07-30T17:19:20Z,2024-11-25T13:50:08Z,https://github.com/upscayl/upscayl
chatgpt-web,Vue,31592,11222,2023-02-09T03:21:37Z,2024-08-16T15:26:57Z,https://github.com/Chanzhaoyu/chatgpt-web
vllm,Python,31473,4778,2023-02-09T11:23:20Z,2024-12-07T20:06:08Z,https://github.com/vllm-project/vllm
openpose,C++,31428,7879,2017-04-24T14:06:31Z,2024-08-03T01:59:11Z,https://github.com/CMU-Perceptual-Computing-Lab/openpose
vault,Go,31363,4236,2015-02-25T00:15:59Z,2024-12-07T01:01:25Z,https://github.com/hashicorp/vault
swc,Rust,31340,1236,2017-12-22T11:40:14Z,2024-12-07T09:01:18Z,https://github.com/swc-project/swc
How-To-Ask-Questions-The-Smart-Way,JavaScript,31336,5659,2015-03-28T16:52:40Z,2024-04-14T04:42:07Z,https://github.com/ryanhanwu/How-To-Ask-Questions-The-Smart-Way
portainer,TypeScript,31261,2493,2016-05-19T20:15:28Z,2024-12-06T13:12:16Z,https://github.com/portainer/portainer
graphql-engine,TypeScript,31219,2777,2018-06-18T07:57:36Z,2024-12-06T17:42:13Z,https://github.com/hasura/graphql-engine
modern-unix,,31200,787,2021-01-12T00:50:14Z,2024-09-10T19:48:56Z,https://github.com/ibraheemdev/modern-unix
milvus,Go,31186,2959,2019-09-16T06:43:43Z,2024-12-07T06:42:46Z,https://github.com/milvus-io/milvus
plane,TypeScript,31090,1757,2022-11-19T12:55:01Z,2024-12-07T19:21:06Z,https://github.com/makeplane/plane
awesome-php,,31067,5078,2013-11-26T03:14:19Z,2024-12-03T15:47:45Z,https://github.com/ziadoz/awesome-php
nps,Go,30946,5606,2018-11-04T13:22:51Z,2024-05-30T03:51:08Z,https://github.com/ehang-io/nps
jQuery-File-Upload,PHP,30944,7940,2010-12-01T15:35:32Z,2023-05-25T09:11:07Z,https://github.com/blueimp/jQuery-File-Upload
AnotherRedisDesktopManager,JavaScript,30941,2587,2019-01-08T06:01:56Z,2024-12-03T12:23:35Z,https://github.com/qishibo/AnotherRedisDesktopManager
yew,MDX,30924,1429,2017-12-16T14:19:02Z,2024-12-06T03:25:42Z,https://github.com/yewstack/yew
mattermost,TypeScript,30909,7411,2015-06-15T06:50:02Z,2024-12-07T18:00:21Z,https://github.com/mattermost/mattermost
selenium,Java,30908,8226,2013-01-14T21:40:56Z,2024-12-07T03:31:52Z,https://github.com/SeleniumHQ/selenium
C-Plus-Plus,C++,30894,7282,2016-07-16T10:19:45Z,2024-11-24T15:01:38Z,https://github.com/TheAlgorithms/C-Plus-Plus
rxjs,TypeScript,30846,3006,2015-03-15T06:17:10Z,2024-06-28T08:43:02Z,https://github.com/ReactiveX/rxjs
vimrc,Vim Script,30825,7303,2012-05-29T16:19:29Z,2024-10-06T08:26:02Z,https://github.com/amix/vimrc
serenity,C++,30819,3190,2018-12-02T19:28:41Z,2024-12-07T15:56:12Z,https://github.com/SerenityOS/serenity
ControlNet,Python,30815,2769,2023-02-01T02:43:30Z,2024-02-25T09:49:39Z,https://github.com/lllyasviel/ControlNet
MS-DOS,Assembly,30813,4396,2018-06-25T18:26:02Z,2024-04-25T22:32:47Z,https://github.com/microsoft/MS-DOS
Blog,,30798,4710,2017-03-13T10:04:33Z,2023-12-15T03:01:37Z,https://github.com/mqyqingfeng/Blog
learnGitBranching,JavaScript,30797,5770,2012-08-13T22:36:09Z,2024-12-01T22:57:46Z,https://github.com/pcottle/learnGitBranching
polars,Rust,30787,2001,2020-05-13T19:45:33Z,2024-12-07T19:42:07Z,https://github.com/pola-rs/polars
detectron2,Python,30731,7517,2019-09-05T21:30:20Z,2024-11-21T19:12:36Z,https://github.com/facebookresearch/detectron2
html2canvas,TypeScript,30715,4820,2011-07-16T01:05:58Z,2024-07-18T07:26:56Z,https://github.com/niklasvh/html2canvas
jax,Python,30704,2832,2018-10-25T21:25:02Z,2024-12-07T23:01:03Z,https://github.com/jax-ml/jax
jq,C,30699,1585,2012-07-18T19:57:25Z,2024-12-01T10:49:45Z,https://github.com/jqlang/jq
HowToLiveLonger,,30688,2141,2022-04-16T04:15:18Z,2024-01-30T12:11:22Z,https://github.com/geekan/HowToLiveLonger
swr,TypeScript,30674,1223,2019-10-28T18:16:01Z,2024-12-07T17:20:44Z,https://github.com/vercel/swr
lottie-web,JavaScript,30667,2884,2015-02-20T21:02:59Z,2024-11-19T12:25:21Z,https://github.com/airbnb/lottie-web
awesome-docker,,30653,3003,2014-09-21T17:01:48Z,2024-12-01T10:22:31Z,https://github.com/veggiemonk/awesome-docker
fairseq,Python,30645,6420,2017-08-29T16:26:12Z,2024-10-18T16:40:02Z,https://github.com/facebookresearch/fairseq
windows,Shell,30597,2083,2024-01-14T13:09:40Z,2024-12-06T10:19:44Z,https://github.com/dockur/windows
my-tv,C,30566,3425,2023-12-04T12:18:39Z,2024-06-20T06:21:11Z,https://github.com/lizongying/my-tv
legado,Kotlin,30497,3971,2019-05-22T04:18:58Z,2024-12-07T07:08:10Z,https://github.com/gedoor/legado
p3c,Kotlin,30496,8066,2017-06-23T06:15:51Z,2024-08-06T08:22:02Z,https://github.com/alibaba/p3c
HEU_KMS_Activator,,30463,3160,2019-06-23T00:49:35Z,2024-11-11T14:13:01Z,https://github.com/zbezj/HEU_KMS_Activator
libpku,TeX,30460,8259,2018-11-22T13:33:06Z,2022-01-05T04:09:27Z,https://github.com/lib-pku/libpku
nacos,Java,30439,12875,2018-06-15T06:49:27Z,2024-12-06T08:42:04Z,https://github.com/alibaba/nacos
LLM101n,,30423,1661,2024-05-27T00:23:38Z,2024-08-01T01:20:33Z,https://github.com/karpathy/LLM101n
spaCy,Python,30413,4416,2014-07-03T15:15:40Z,2024-11-19T09:43:56Z,https://github.com/explosion/spaCy
dotfiles,Shell,30398,8735,2011-09-05T18:07:54Z,2024-08-05T19:06:13Z,https://github.com/mathiasbynens/dotfiles
pytorch-tutorial,Python,30382,8142,2017-03-10T07:41:47Z,2023-08-15T10:17:50Z,https://github.com/yunjey/pytorch-tutorial
spring-boot-examples,Java,30299,12356,2016-11-05T05:32:33Z,2023-11-18T16:32:16Z,https://github.com/ityouknow/spring-boot-examples
NeteaseCloudMusicApi,,30297,15780,2016-06-22T11:58:03Z,2024-02-28T02:47:42Z,https://github.com/Binaryify/NeteaseCloudMusicApi
RevokeMsgPatcher,C#,30249,3455,2019-07-21T15:12:52Z,2024-11-07T15:54:21Z,https://github.com/huiyadanli/RevokeMsgPatcher
remix,TypeScript,30235,2564,2020-10-26T19:57:28Z,2024-12-06T07:04:20Z,https://github.com/remix-run/remix
floating-ui,TypeScript,30235,1615,2016-03-29T17:00:47Z,2024-12-06T03:43:54Z,https://github.com/floating-ui/floating-ui
cockroach,Go,30234,3821,2014-02-06T00:18:47Z,2024-12-08T02:06:03Z,https://github.com/cockroachdb/cockroach
remote-jobs,JavaScript,30186,3175,2015-10-13T03:49:25Z,2024-10-21T00:11:34Z,https://github.com/remoteintech/remote-jobs
WxJava,Java,30142,8711,2016-01-06T08:24:05Z,2024-12-05T03:17:58Z,https://github.com/binarywang/WxJava
linux-insides,Python,30101,3376,2015-01-03T18:44:57Z,2024-11-23T18:42:33Z,https://github.com/0xAX/linux-insides
slate,TypeScript,30054,3264,2016-06-18T01:52:42Z,2024-12-07T20:27:24Z,https://github.com/ianstormtaylor/slate
echo,Go,30049,2231,2015-03-01T17:43:01Z,2024-12-04T20:29:04Z,https://github.com/labstack/echo
etcher,TypeScript,30041,2121,2015-10-27T16:53:23Z,2024-10-10T10:03:38Z,https://github.com/balena-io/etcher
pnpm,TypeScript,30005,1027,2016-01-28T07:40:43Z,2024-12-07T23:24:12Z,https://github.com/pnpm/pnpm
HEAD,,30001,1918,2016-04-20T20:05:37Z,2024-06-21T17:54:29Z,https://github.com/joshbuchea/HEAD
OpenVoice,Python,29999,2957,2023-11-29T12:17:01Z,2024-08-21T18:04:49Z,https://github.com/myshell-ai/OpenVoice
lede,C,29984,19544,2017-09-06T07:39:03Z,2024-12-07T07:13:57Z,https://github.com/coolsnowwolf/lede
ShareX,C#,29979,3212,2013-10-08T23:32:10Z,2024-12-04T02:02:16Z,https://github.com/ShareX/ShareX
calculator,C++,29866,5423,2019-01-28T17:55:49Z,2024-12-03T15:03:01Z,https://github.com/microsoft/calculator
YesPlayMusic,Vue,29859,4394,2020-10-09T10:04:21Z,2024-11-08T11:55:11Z,https://github.com/qier222/YesPlayMusic
symfony,PHP,29853,9486,2010-01-04T14:21:21Z,2024-12-07T14:09:04Z,https://github.com/symfony/symfony
Sortable,JavaScript,29816,3702,2013-12-19T10:10:13Z,2024-11-28T18:28:59Z,https://github.com/SortableJS/Sortable
v2ray-core,Go,29788,4675,2019-04-15T10:05:54Z,2024-12-04T22:55:42Z,https://github.com/v2fly/v2ray-core
aseprite,C++,29781,6360,2014-08-19T23:44:50Z,2024-12-07T17:33:34Z,https://github.com/aseprite/aseprite
mmdetection,Python,29766,9490,2018-08-22T07:06:06Z,2024-08-21T02:01:07Z,https://github.com/open-mmlab/mmdetection
vue-cli,JavaScript,29765,6329,2015-12-26T23:11:20Z,2024-07-17T15:34:10Z,https://github.com/vuejs/vue-cli
webtorrent,JavaScript,29738,2720,2013-10-15T08:16:40Z,2024-12-07T18:44:04Z,https://github.com/webtorrent/webtorrent
layui,JavaScript,29738,7384,2015-09-22T08:12:03Z,2024-12-02T03:49:24Z,https://github.com/layui/layui
foundation-sites,HTML,29666,5473,2011-10-13T23:05:42Z,2024-09-27T18:29:13Z,https://github.com/foundation/foundation-sites
sequelize,TypeScript,29641,4279,2010-07-22T07:11:11Z,2024-12-08T01:24:02Z,https://github.com/sequelize/sequelize
stanford_alpaca,Python,29622,4058,2023-03-10T23:33:09Z,2024-07-17T09:43:05Z,https://github.com/tatsu-lab/stanford_alpaca
minikube,Go,29615,4895,2016-04-15T22:38:35Z,2024-12-06T17:28:46Z,https://github.com/kubernetes/minikube
interactive-coding-challenges,Python,29614,4467,2015-04-28T21:36:39Z,2024-05-08T23:07:36Z,https://github.com/donnemartin/interactive-coding-challenges
rufus,C,29523,2617,2011-11-19T19:12:05Z,2024-12-03T13:53:49Z,https://github.com/pbatard/rufus
CyberChef,JavaScript,29512,3299,2016-11-28T10:34:07Z,2024-10-23T15:17:30Z,https://github.com/gchq/CyberChef
llvm-project,LLVM,29496,12196,2016-12-07T09:39:33Z,2024-12-08T01:53:59Z,https://github.com/llvm/llvm-project
react-boilerplate,JavaScript,29490,6119,2015-02-18T14:36:32Z,2023-03-23T21:35:09Z,https://github.com/react-boilerplate/react-boilerplate
phantomjs,C++,29474,5745,2010-12-27T08:18:58Z,2022-11-26T19:43:12Z,https://github.com/ariya/phantomjs
leakcanary,Kotlin,29455,3969,2015-04-29T23:54:16Z,2024-08-28T22:51:13Z,https://github.com/square/leakcanary
jsPDF,JavaScript,29454,4680,2009-12-06T14:56:32Z,2024-10-26T22:02:50Z,https://github.com/parallax/jsPDF
go-zero,Go,29452,3975,2020-08-07T15:37:57Z,2024-12-08T02:27:44Z,https://github.com/zeromicro/go-zero
payload,TypeScript,29440,1821,2021-01-05T18:49:45Z,2024-12-07T23:19:40Z,https://github.com/payloadcms/payload
project-guidelines,JavaScript,29428,3218,2017-06-30T10:17:55Z,2024-03-05T13:30:53Z,https://github.com/elsewhencode/project-guidelines
dokku,Shell,29417,1927,2013-06-08T10:26:57Z,2024-12-07T19:47:51Z,https://github.com/dokku/dokku
sharp,JavaScript,29404,1299,2013-08-19T20:24:24Z,2024-12-05T12:37:11Z,https://github.com/lovell/sharp
500lines,JavaScript,29331,5866,2013-11-04T02:02:53Z,2023-08-19T11:18:34Z,https://github.com/aosabook/500lines
AI-Expert-Roadmap,JavaScript,29284,2494,2020-10-24T21:49:40Z,2023-12-31T02:20:16Z,https://github.com/AMAI-GmbH/AI-Expert-Roadmap
hutool,Java,29278,7541,2014-04-13T07:23:51Z,2024-12-08T03:06:56Z,https://github.com/dromara/hutool
uppy,TypeScript,29269,2014,2015-11-16T12:32:33Z,2024-12-07T02:30:03Z,https://github.com/transloadit/uppy
Hover,SCSS,29259,5781,2014-01-02T14:27:35Z,2023-10-28T16:07:33Z,https://github.com/IanLunn/Hover
fabric.js,JavaScript,29253,3520,2010-06-09T22:24:38Z,2024-12-04T12:04:48Z,https://github.com/fabricjs/fabric.js
apollo,Java,29230,10213,2016-03-04T10:24:23Z,2024-12-07T01:49:10Z,https://github.com/apolloconfig/apollo
es6features,,29219,2867,2014-03-03T18:29:30Z,2023-01-27T13:36:18Z,https://github.com/lukehoban/es6features
standard,JavaScript,29160,2324,2015-01-27T01:23:31Z,2024-09-13T12:48:47Z,https://github.com/standard/standard
particles.js,JavaScript,29155,4836,2014-09-06T14:29:47Z,2024-03-28T03:21:07Z,https://github.com/VincentGarreau/particles.js
OpenAPI-Specification,Markdown,29130,9078,2014-03-03T16:53:36Z,2024-12-05T17:35:33Z,https://github.com/OAI/OpenAPI-Specification
COVID-19,,29105,18380,2020-02-04T22:03:53Z,2023-06-10T18:39:00Z,https://github.com/CSSEGISandData/COVID-19
influxdb,Rust,29100,3558,2013-09-26T14:31:10Z,2024-12-06T22:05:03Z,https://github.com/influxdata/influxdb
algo,Jinja,29039,2331,2016-05-15T03:42:48Z,2024-08-30T02:15:55Z,https://github.com/trailofbits/algo
kafka,Java,29015,14020,2011-08-15T18:06:16Z,2024-12-08T00:14:54Z,https://github.com/apache/kafka
Mr.-Ranedeer-AI-Tutor,,29010,3329,2023-03-31T12:37:26Z,2024-03-25T13:06:55Z,https://github.com/JushBJJ/Mr.-Ranedeer-AI-Tutor
awesome-macos-command-line,,29004,1435,2015-09-22T19:37:55Z,2021-09-02T13:26:37Z,https://github.com/herrbischoff/awesome-macos-command-line
editor.js,TypeScript,28976,2092,2015-11-28T20:56:35Z,2024-12-03T16:36:06Z,https://github.com/codex-team/editor.js
chatbot-ui,TypeScript,28945,8055,2023-03-11T14:53:14Z,2024-08-03T00:38:07Z,https://github.com/mckaywrigley/chatbot-ui
GPTs,,28928,3926,2023-11-11T03:24:16Z,2024-09-27T03:31:47Z,https://github.com/linexjlin/GPTs
awesome-python-cn,Makefile,28887,7942,2015-11-03T09:50:50Z,2022-08-29T11:28:59Z,https://github.com/jobbole/awesome-python-cn
uv,Rust,28886,818,2023-10-02T20:24:11Z,2024-12-08T03:08:45Z,https://github.com/astral-sh/uv
mpv,C,28880,2929,2012-10-13T08:08:44Z,2024-12-07T13:27:16Z,https://github.com/mpv-player/mpv
swift-algorithm-club,Swift,28857,5002,2016-01-26T17:56:12Z,2024-12-06T07:03:07Z,https://github.com/kodecocodes/swift-algorithm-club
tqdm,Python,28856,1365,2015-06-03T13:13:14Z,2024-11-24T10:01:34Z,https://github.com/tqdm/tqdm
refine,TypeScript,28850,2266,2021-01-20T12:01:32Z,2024-12-06T12:59:28Z,https://github.com/refinedev/refine
bulletproof-react,TypeScript,28839,2612,2021-05-30T14:47:16Z,2024-12-07T20:52:56Z,https://github.com/alan2207/bulletproof-react
rocksdb,C++,28766,6347,2012-11-30T06:16:18Z,2024-12-06T23:42:57Z,https://github.com/facebook/rocksdb
cheerio,TypeScript,28758,1640,2011-10-09T04:23:20Z,2024-12-06T16:07:55Z,https://github.com/cheeriojs/cheerio
outline,TypeScript,28756,2289,2016-05-22T21:31:47Z,2024-12-07T22:15:41Z,https://github.com/outline/outline
qBittorrent,C++,28745,4015,2012-02-04T09:37:46Z,2024-12-07T12:44:20Z,https://github.com/qbittorrent/qBittorrent
weekly,JavaScript,28732,3248,2017-03-20T06:10:04Z,2024-09-09T01:39:37Z,https://github.com/ascoders/weekly
roop,Python,28714,7040,2023-05-28T14:37:54Z,2024-08-19T12:57:17Z,https://github.com/s0md3v/roop
Real-ESRGAN,Python,28711,3606,2021-07-19T03:23:30Z,2024-08-06T13:15:18Z,https://github.com/xinntao/Real-ESRGAN
composer,PHP,28676,4562,2011-06-08T08:53:00Z,2024-12-01T12:26:21Z,https://github.com/composer/composer
todomvc,JavaScript,28665,13763,2011-06-03T19:56:33Z,2024-10-28T17:53:45Z,https://github.com/tastejs/todomvc
backstage,TypeScript,28661,6094,2020-01-24T22:39:49Z,2024-12-08T01:06:21Z,https://github.com/backstage/backstage
servo,Rust,28636,3047,2012-02-08T19:07:25Z,2024-12-08T03:03:53Z,https://github.com/servo/servo
canal,Java,28620,7630,2013-01-13T10:59:52Z,2024-10-14T08:48:05Z,https://github.com/alibaba/canal
pytorch-lightning,Python,28585,3399,2019-03-31T00:45:57Z,2024-12-08T03:23:48Z,https://github.com/Lightning-AI/pytorch-lightning
netron,JavaScript,28584,2805,2010-12-26T12:53:43Z,2024-12-08T00:56:04Z,https://github.com/lutzroeder/netron
postcss,TypeScript,28561,1563,2013-09-24T23:06:48Z,2024-11-15T21:57:21Z,https://github.com/postcss/postcss
slick,JavaScript,28553,5882,2014-03-24T02:10:05Z,2024-08-30T19:41:50Z,https://github.com/kenwheeler/slick
django-rest-framework,Python,28552,6848,2011-03-02T17:13:56Z,2024-11-18T11:43:54Z,https://github.com/encode/django-rest-framework
folly,C++,28530,5581,2012-06-01T20:49:04Z,2024-12-07T06:19:07Z,https://github.com/facebook/folly
linkedin-skill-assessments-quizzes,,28523,13336,2019-07-13T19:52:56Z,2024-11-17T18:12:22Z,https://github.com/Ebazhanov/linkedin-skill-assessments-quizzes
alpine,HTML,28502,1238,2019-11-28T13:51:55Z,2024-12-06T13:37:39Z,https://github.com/alpinejs/alpine
lighthouse,JavaScript,28499,9396,2016-03-08T01:03:11Z,2024-12-04T04:53:41Z,https://github.com/GoogleChrome/lighthouse
css-protips,,28485,2173,2015-08-29T12:29:03Z,2024-10-01T14:35:44Z,https://github.com/AllThingsSmitty/css-protips
consul,Go,28479,4432,2013-11-04T22:15:27Z,2024-12-06T23:23:57Z,https://github.com/hashicorp/consul
python-guide,Batchfile,28450,5833,2011-03-15T03:24:20Z,2024-07-29T18:49:10Z,https://github.com/realpython/python-guide
vuex,JavaScript,28428,9570,2015-07-16T04:21:26Z,2024-09-25T13:26:41Z,https://github.com/vuejs/vuex
SpringAll,Java,28426,8148,2018-05-02T02:48:44Z,2024-05-31T14:56:35Z,https://github.com/wuyouzhuguli/SpringAll
bubbletea,Go,28410,819,2020-01-10T21:04:03Z,2024-12-07T14:29:16Z,https://github.com/charmbracelet/bubbletea
Data-Science-For-Beginners,Jupyter Notebook,28395,5855,2021-03-03T16:30:15Z,2024-10-15T11:01:27Z,https://github.com/microsoft/Data-Science-For-Beginners
lossless-cut,TypeScript,28358,1371,2016-10-30T10:49:56Z,2024-12-07T05:07:01Z,https://github.com/mifi/lossless-cut
directus,TypeScript,28346,3958,2012-12-12T01:35:36Z,2024-12-06T16:31:24Z,https://github.com/directus/directus
android_guides,,28322,6347,2013-06-19T10:24:45Z,2023-05-16T18:30:41Z,https://github.com/codepath/android_guides
CheatSheetSeries,Python,28320,3968,2018-12-21T14:26:43Z,2024-12-06T02:54:58Z,https://github.com/OWASP/CheatSheetSeries
MonitorControl,Swift,28296,826,2017-09-16T21:13:40Z,2024-10-24T13:58:43Z,https://github.com/MonitorControl/MonitorControl
k3s,Go,28288,2364,2018-05-31T01:37:46Z,2024-12-06T19:45:35Z,https://github.com/k3s-io/k3s
react-spring,TypeScript,28287,1194,2018-03-07T15:39:32Z,2024-12-07T21:28:13Z,https://github.com/pmndrs/react-spring
croc,Go,28285,1122,2017-10-17T15:20:18Z,2024-12-07T15:21:08Z,https://github.com/schollz/croc
numpy,Python,28252,10178,2010-09-13T23:02:39Z,2024-12-07T06:08:44Z,https://github.com/numpy/numpy
bruno,JavaScript,28239,1309,2022-09-27T20:51:45Z,2024-12-06T14:03:54Z,https://github.com/usebruno/bruno
machine-learning-for-software-engineers,,28215,6194,2016-10-09T21:20:25Z,2024-06-11T04:49:29Z,https://github.com/ZuzooVn/machine-learning-for-software-engineers
full-stack-fastapi-template,TypeScript,28209,5058,2019-02-23T15:08:34Z,2024-12-02T12:04:23Z,https://github.com/fastapi/full-stack-fastapi-template
async,JavaScript,28206,3452,2010-06-01T21:01:30Z,2024-12-02T21:48:01Z,https://github.com/caolan/async
anything-llm,JavaScript,28193,2858,2023-06-04T02:29:14Z,2024-12-05T19:57:10Z,https://github.com/Mintplex-Labs/anything-llm
surrealdb,Rust,28188,924,2021-12-09T15:03:29Z,2024-12-07T16:15:36Z,https://github.com/surrealdb/surrealdb
ruoyi-vue-pro,Java,28145,6024,2021-01-24T03:18:25Z,2024-11-25T11:36:09Z,https://github.com/YunaiV/ruoyi-vue-pro
backbone,JavaScript,28086,5371,2010-09-30T19:41:28Z,2024-09-02T12:55:04Z,https://github.com/jashkenas/backbone
handson-ml2,Jupyter Notebook,28082,12802,2019-01-08T03:49:07Z,2024-06-13T08:10:24Z,https://github.com/ageron/handson-ml2
comprehensive-rust,Rust,28074,1680,2022-12-21T15:17:24Z,2024-12-06T20:10:43Z,https://github.com/google/comprehensive-rust
ChatGPT,Python,28049,4480,2022-12-03T14:35:24Z,2023-08-02T06:02:10Z,https://github.com/acheong08/ChatGPT
spring-cloud-alibaba,Java,28043,8349,2017-12-01T20:49:15Z,2024-12-04T01:22:42Z,https://github.com/alibaba/spring-cloud-alibaba
Clone-Wars,,28029,2485,2020-12-02T11:10:16Z,2024-08-06T12:31:36Z,https://github.com/GorvGoyl/Clone-Wars
druid,Java,28004,8591,2011-11-03T05:12:51Z,2024-12-06T02:17:06Z,https://github.com/alibaba/druid
the-super-tiny-compiler,JavaScript,27999,2863,2016-03-11T04:19:18Z,2024-02-19T12:33:21Z,https://github.com/jamiebuilds/the-super-tiny-compiler
docsify,JavaScript,27944,5682,2016-11-20T07:55:43Z,2024-12-07T06:04:42Z,https://github.com/docsifyjs/docsify
xxl-job,Java,27922,10984,2015-11-28T12:59:34Z,2024-11-30T18:58:59Z,https://github.com/xuxueli/xxl-job
lux,Go,27890,3009,2018-02-24T11:29:03Z,2024-10-12T05:49:08Z,https://github.com/iawia002/lux
nginxconfig.io,JavaScript,27869,2052,2018-01-05T14:21:14Z,2024-12-02T17:58:38Z,https://github.com/digitalocean/nginxconfig.io
mediapipe,C++,27863,5181,2019-06-13T19:16:41Z,2024-12-07T01:39:44Z,https://github.com/google-ai-edge/mediapipe
tiptap,TypeScript,27848,2314,2018-08-20T19:58:58Z,2024-12-05T08:43:14Z,https://github.com/ueberdosis/tiptap
JavaScript30,HTML,27837,38246,2016-12-07T19:15:31Z,2024-08-09T07:14:37Z,https://github.com/wesbos/JavaScript30
immer,JavaScript,27818,851,2017-12-29T12:25:47Z,2024-09-19T07:46:06Z,https://github.com/immerjs/immer
reverse-interview,,27783,2097,2019-09-08T13:38:40Z,2024-09-04T13:52:27Z,https://github.com/viraptor/reverse-interview
Umi-OCR,Python,27776,2778,2022-03-28T04:01:46Z,2024-10-18T04:09:08Z,https://github.com/hiroi-sora/Umi-OCR
react-three-fiber,TypeScript,27735,1609,2019-02-25T14:31:51Z,2024-12-07T15:58:19Z,https://github.com/pmndrs/react-three-fiber
react-select,TypeScript,27692,4129,2014-08-26T04:27:45Z,2024-11-09T14:42:18Z,https://github.com/JedWatson/react-select
Charts,Swift,27635,6007,2015-03-20T10:49:12Z,2024-08-19T06:17:16Z,https://github.com/ChartsOrg/Charts
Complete-Python-3-Bootcamp,Jupyter Notebook,27630,85535,2018-02-12T19:30:10Z,2024-08-09T22:16:00Z,https://github.com/Pierian-Data/Complete-Python-3-Bootcamp
k9s,Go,27622,1739,2019-01-25T18:46:02Z,2024-12-07T15:33:22Z,https://github.com/derailed/k9s
waifu2x,Lua,27619,2711,2015-05-17T07:29:15Z,2023-05-04T00:50:48Z,https://github.com/nagadomi/waifu2x
mobx,TypeScript,27613,1777,2015-03-14T14:31:38Z,2024-10-28T04:54:16Z,https://github.com/mobxjs/mobx
server,PHP,27594,4084,2016-06-02T07:44:14Z,2024-12-08T03:00:38Z,https://github.com/nextcloud/server
data-science-ipython-notebooks,Python,27584,7892,2015-01-23T19:38:29Z,2024-03-20T13:52:34Z,https://github.com/donnemartin/data-science-ipython-notebooks
DevToys,C#,27559,1475,2021-09-29T01:40:41Z,2024-12-07T19:12:19Z,https://github.com/DevToys-app/DevToys
trilium,JavaScript,27549,1877,2017-05-23T00:30:20Z,2024-08-08T21:39:01Z,https://github.com/zadam/trilium
